-- =========================================================
-- BACKUP COMPLETO DE BASE DE DATOS SUPABASE / POSTGRESQL
-- Proyecto: Alling B2B (tiendRed)
-- Fecha de generación: 2026-07-20 06:46:50
-- Generado automáticamente sin costo (Plan Gratuito Supabase)
-- =========================================================

BEGIN;

CREATE EXTENSION IF NOT EXISTS "uuid-ossp";

-- =========================================================
-- DATOS DE TABLAS (INSERT STATEMENTS)
-- =========================================================

-- Tabla: formato_unico (66 registros)
ALTER TABLE "formato_unico" DISABLE TRIGGER ALL;
INSERT INTO "formato_unico" ("id", "customer_id", "state", "current_order_id", "order_token", "subtotal", "created_at", "updated_at", "assigned_seller_id", "consultant_note", "pdf_url", "discount_percent") VALUES ('f0e864eb-d191-4a56-9d57-12fb6c4c81aa', NULL, 'PEDIDO', NULL, 'QkDe7GOxHfkhCp5O85Lemo0hBaczpnBKvpamh6T9KRg', '250.00', '2026-07-11T02:05:39.663668+00:00', NULL, NULL, NULL, NULL, '0.00') ON CONFLICT DO NOTHING;
INSERT INTO "formato_unico" ("id", "customer_id", "state", "current_order_id", "order_token", "subtotal", "created_at", "updated_at", "assigned_seller_id", "consultant_note", "pdf_url", "discount_percent") VALUES ('c22b403c-27dc-4d12-acae-0c7a73a28806', NULL, 'PEDIDO', NULL, 'I9xYo0M6qMBJlpCbQBmsumlbKwekKubVSZIhwu4EEEc', '45.00', '2026-07-11T16:48:14.035775+00:00', NULL, NULL, NULL, NULL, '0.00') ON CONFLICT DO NOTHING;
INSERT INTO "formato_unico" ("id", "customer_id", "state", "current_order_id", "order_token", "subtotal", "created_at", "updated_at", "assigned_seller_id", "consultant_note", "pdf_url", "discount_percent") VALUES ('f5c2b3b9-bbe4-4449-961c-338dadacb516', NULL, 'BORRADOR', NULL, '68543054-e1d7-441d-ac19-e8adbf50df45', '0.00', '2026-07-12T23:53:57.398978+00:00', '2026-07-12T23:52:10.541370+00:00', NULL, NULL, NULL, '0.00') ON CONFLICT DO NOTHING;
INSERT INTO "formato_unico" ("id", "customer_id", "state", "current_order_id", "order_token", "subtotal", "created_at", "updated_at", "assigned_seller_id", "consultant_note", "pdf_url", "discount_percent") VALUES ('c8fbc136-f8b9-4721-8ad5-8331a291f1aa', NULL, 'BORRADOR', NULL, 'a849bd8b-3361-4d56-895f-a7752581acc1', '1700.00', '2026-07-12T23:54:10.069839+00:00', '2026-07-12T23:52:30.542896+00:00', NULL, NULL, NULL, '0.00') ON CONFLICT DO NOTHING;
INSERT INTO "formato_unico" ("id", "customer_id", "state", "current_order_id", "order_token", "subtotal", "created_at", "updated_at", "assigned_seller_id", "consultant_note", "pdf_url", "discount_percent") VALUES ('c932e0ae-9644-48f3-a65c-6d0ba20cb719', NULL, 'BORRADOR', NULL, '912693bd-bcfd-4776-a7af-7eb917c3786a', '850.00', '2026-07-12T23:58:55.453924+00:00', '2026-07-13T01:17:02.165910+00:00', NULL, NULL, NULL, '0.00') ON CONFLICT DO NOTHING;
INSERT INTO "formato_unico" ("id", "customer_id", "state", "current_order_id", "order_token", "subtotal", "created_at", "updated_at", "assigned_seller_id", "consultant_note", "pdf_url", "discount_percent") VALUES ('16929f86-06e5-41a6-ae82-2690e2ea1598', NULL, 'PEDIDO', NULL, 'ust4g9m-cKEaxh7Ui3bg490uDwYye_9sF4WWTbsNatU', '850.00', '2026-07-13T10:38:42.681453+00:00', '2026-07-13T10:39:48.130886+00:00', NULL, NULL, NULL, '0.00') ON CONFLICT DO NOTHING;
INSERT INTO "formato_unico" ("id", "customer_id", "state", "current_order_id", "order_token", "subtotal", "created_at", "updated_at", "assigned_seller_id", "consultant_note", "pdf_url", "discount_percent") VALUES ('05361329-a88d-47fa-981f-aa8d9a2302a5', NULL, 'PEDIDO', NULL, 'OLeLml8dg42YixXj681zZm4bG3eSToaEOsKN42rQo3M', '850.00', '2026-07-13T10:44:44.245348+00:00', '2026-07-13T10:46:21.865924+00:00', NULL, NULL, NULL, '0.00') ON CONFLICT DO NOTHING;
INSERT INTO "formato_unico" ("id", "customer_id", "state", "current_order_id", "order_token", "subtotal", "created_at", "updated_at", "assigned_seller_id", "consultant_note", "pdf_url", "discount_percent") VALUES ('0e6f8b19-68b1-4563-851a-45a79cf18f1b', NULL, 'PEDIDO', NULL, 'Utq_57Y3mG6y-j1sHM8VHHNK3yEGOdrX6ZRPtqmlMsk', '850.00', '2026-07-13T10:47:53.306745+00:00', '2026-07-13T10:47:57.819254+00:00', NULL, NULL, NULL, '0.00') ON CONFLICT DO NOTHING;
INSERT INTO "formato_unico" ("id", "customer_id", "state", "current_order_id", "order_token", "subtotal", "created_at", "updated_at", "assigned_seller_id", "consultant_note", "pdf_url", "discount_percent") VALUES ('4715ec45-4eaf-4fb3-8e27-aef6da42f027', NULL, 'PEDIDO', NULL, 'slcSLBH7E8wSjhU_8zzuPt2dmfkaO0jrAlz5UTAiTks', '850.00', '2026-07-13T10:57:19.464687+00:00', '2026-07-13T10:58:25.377080+00:00', NULL, NULL, NULL, '0.00') ON CONFLICT DO NOTHING;
INSERT INTO "formato_unico" ("id", "customer_id", "state", "current_order_id", "order_token", "subtotal", "created_at", "updated_at", "assigned_seller_id", "consultant_note", "pdf_url", "discount_percent") VALUES ('19bf70b2-a89a-44d1-825d-fd9c841fc198', '8da37c04-d796-40c7-9140-4e7787b1d1d6', 'PEDIDO', NULL, NULL, '850.00', '2026-07-13T00:01:11.924214+00:00', '2026-07-15T21:05:03.896074+00:00', NULL, NULL, NULL, '0.00') ON CONFLICT DO NOTHING;
INSERT INTO "formato_unico" ("id", "customer_id", "state", "current_order_id", "order_token", "subtotal", "created_at", "updated_at", "assigned_seller_id", "consultant_note", "pdf_url", "discount_percent") VALUES ('415649e8-c3c8-4c6d-9184-294580b15e7f', NULL, 'PEDIDO', NULL, '2GRv0ZNly65TReywOIvffAqWof8QzI3jRYCWvP6LOWI', '850.00', '2026-07-15T21:08:43.537633+00:00', '2026-07-15T21:09:00.548047+00:00', NULL, NULL, NULL, '0.00') ON CONFLICT DO NOTHING;
INSERT INTO "formato_unico" ("id", "customer_id", "state", "current_order_id", "order_token", "subtotal", "created_at", "updated_at", "assigned_seller_id", "consultant_note", "pdf_url", "discount_percent") VALUES ('6cbc2cf8-a960-4354-b1ef-9e1af57982d9', '8da37c04-d796-40c7-9140-4e7787b1d1d6', 'PEDIDO', NULL, NULL, '1725.00', '2026-07-15T21:45:03.252505+00:00', '2026-07-15T21:45:34.799627+00:00', NULL, NULL, NULL, '0.00') ON CONFLICT DO NOTHING;
INSERT INTO "formato_unico" ("id", "customer_id", "state", "current_order_id", "order_token", "subtotal", "created_at", "updated_at", "assigned_seller_id", "consultant_note", "pdf_url", "discount_percent") VALUES ('e938aa4a-6ef1-4745-8c93-ba50c4da09ec', '8da37c04-d796-40c7-9140-4e7787b1d1d6', 'PEDIDO', NULL, NULL, '45.00', '2026-07-16T20:00:41.096349+00:00', '2026-07-18T00:38:53.101340+00:00', NULL, NULL, NULL, '0.00') ON CONFLICT DO NOTHING;
INSERT INTO "formato_unico" ("id", "customer_id", "state", "current_order_id", "order_token", "subtotal", "created_at", "updated_at", "assigned_seller_id", "consultant_note", "pdf_url", "discount_percent") VALUES ('e052e0ad-f1cf-4a0d-961f-acbb1c4580ee', 'ac5ddeab-1056-440a-bea9-338325f60ae5', 'PEDIDO', NULL, NULL, '850.00', '2026-07-15T22:16:50.289123+00:00', '2026-07-15T23:19:48.044832+00:00', NULL, NULL, NULL, '0.00') ON CONFLICT DO NOTHING;
INSERT INTO "formato_unico" ("id", "customer_id", "state", "current_order_id", "order_token", "subtotal", "created_at", "updated_at", "assigned_seller_id", "consultant_note", "pdf_url", "discount_percent") VALUES ('4e756b3c-a766-4d77-b0fa-a28ebe1c27b8', 'e3c1e51a-5a44-498a-b733-6b00f8451183', 'PEDIDO', NULL, NULL, '250.00', '2026-07-16T00:46:37.990838+00:00', '2026-07-16T00:47:08.464315+00:00', NULL, NULL, NULL, '0.00') ON CONFLICT DO NOTHING;
INSERT INTO "formato_unico" ("id", "customer_id", "state", "current_order_id", "order_token", "subtotal", "created_at", "updated_at", "assigned_seller_id", "consultant_note", "pdf_url", "discount_percent") VALUES ('c4739e52-fe39-481a-acd3-651e9903fc15', NULL, 'BORRADOR', NULL, '2e575890-1a88-4553-8e1c-e2811e13c77c', '25.00', '2026-07-18T23:30:00.087202+00:00', '2026-07-18T23:30:13.744842+00:00', NULL, NULL, NULL, '0.00') ON CONFLICT DO NOTHING;
INSERT INTO "formato_unico" ("id", "customer_id", "state", "current_order_id", "order_token", "subtotal", "created_at", "updated_at", "assigned_seller_id", "consultant_note", "pdf_url", "discount_percent") VALUES ('62ad2aea-0aee-4436-8390-14251d496ab1', NULL, 'PEDIDO', NULL, '8OqwgUXPC3MoI6Pmwpmf1UWCMmJxDELpklyOrPMWu2c', '420.00', '2026-07-18T02:39:38.429213+00:00', '2026-07-18T02:40:00.822882+00:00', NULL, NULL, NULL, '0.00') ON CONFLICT DO NOTHING;
INSERT INTO "formato_unico" ("id", "customer_id", "state", "current_order_id", "order_token", "subtotal", "created_at", "updated_at", "assigned_seller_id", "consultant_note", "pdf_url", "discount_percent") VALUES ('9c99506d-d6ac-4de3-8371-c998390ea59d', NULL, 'PEDIDO', NULL, '8plx2ubuDOwNG6NIrhmoMOfbvcCeekNNt_nfqBjSM_Y', '90.00', '2026-07-18T00:45:17.784607+00:00', '2026-07-18T01:28:33.460977+00:00', NULL, NULL, NULL, '0.00') ON CONFLICT DO NOTHING;
INSERT INTO "formato_unico" ("id", "customer_id", "state", "current_order_id", "order_token", "subtotal", "created_at", "updated_at", "assigned_seller_id", "consultant_note", "pdf_url", "discount_percent") VALUES ('3dd0a353-9828-43e0-86f0-cead06c7e981', 'e3c1e51a-5a44-498a-b733-6b00f8451183', 'PEDIDO', NULL, NULL, '45.00', '2026-07-16T00:46:37.613484+00:00', '2026-07-16T00:55:36.986624+00:00', NULL, NULL, NULL, '0.00') ON CONFLICT DO NOTHING;
INSERT INTO "formato_unico" ("id", "customer_id", "state", "current_order_id", "order_token", "subtotal", "created_at", "updated_at", "assigned_seller_id", "consultant_note", "pdf_url", "discount_percent") VALUES ('eac1b0f8-cbda-4162-a2b5-abe1822efc72', 'e3c1e51a-5a44-498a-b733-6b00f8451183', 'PEDIDO', NULL, NULL, '90.00', '2026-07-16T00:55:51.484029+00:00', '2026-07-16T01:13:27.736786+00:00', NULL, NULL, NULL, '0.00') ON CONFLICT DO NOTHING;
INSERT INTO "formato_unico" ("id", "customer_id", "state", "current_order_id", "order_token", "subtotal", "created_at", "updated_at", "assigned_seller_id", "consultant_note", "pdf_url", "discount_percent") VALUES ('b6234ae4-c620-471d-80d8-236131084abc', 'e3c1e51a-5a44-498a-b733-6b00f8451183', 'BORRADOR', NULL, NULL, '0.00', '2026-07-16T04:12:36.054742+00:00', '2026-07-16T04:12:36.607672+00:00', NULL, NULL, NULL, '0.00') ON CONFLICT DO NOTHING;
INSERT INTO "formato_unico" ("id", "customer_id", "state", "current_order_id", "order_token", "subtotal", "created_at", "updated_at", "assigned_seller_id", "consultant_note", "pdf_url", "discount_percent") VALUES ('27c17677-f86a-49e1-8ef8-406ba1a0692a', 'e3c1e51a-5a44-498a-b733-6b00f8451183', 'BORRADOR', NULL, NULL, '0.00', '2026-07-16T04:12:36.046470+00:00', '2026-07-16T04:12:36.748581+00:00', NULL, NULL, NULL, '0.00') ON CONFLICT DO NOTHING;
INSERT INTO "formato_unico" ("id", "customer_id", "state", "current_order_id", "order_token", "subtotal", "created_at", "updated_at", "assigned_seller_id", "consultant_note", "pdf_url", "discount_percent") VALUES ('8ce5777d-a8e7-414c-aa55-3d48ca8c15b5', '8da37c04-d796-40c7-9140-4e7787b1d1d6', 'PEDIDO', NULL, NULL, '1700.00', '2026-07-13T00:23:24.559455+00:00', '2026-07-16T19:22:41.798093+00:00', NULL, NULL, NULL, '0.00') ON CONFLICT DO NOTHING;
INSERT INTO "formato_unico" ("id", "customer_id", "state", "current_order_id", "order_token", "subtotal", "created_at", "updated_at", "assigned_seller_id", "consultant_note", "pdf_url", "discount_percent") VALUES ('e24eb12d-7c1d-4a1d-8393-6035921579e2', NULL, 'PEDIDO', NULL, 'u-wP3ngjMmDETZPxxIA9a2iQqOTyXDEGGlcmMymqud0', '420.00', '2026-07-18T02:14:05.155097+00:00', '2026-07-18T02:14:19.362572+00:00', NULL, NULL, NULL, '0.00') ON CONFLICT DO NOTHING;
INSERT INTO "formato_unico" ("id", "customer_id", "state", "current_order_id", "order_token", "subtotal", "created_at", "updated_at", "assigned_seller_id", "consultant_note", "pdf_url", "discount_percent") VALUES ('44765ef2-fe93-4e44-835f-5ab97910be74', '8da37c04-d796-40c7-9140-4e7787b1d1d6', 'PEDIDO', NULL, NULL, '250.00', '2026-07-13T00:00:52.464884+00:00', '2026-07-16T19:37:52.709615+00:00', NULL, NULL, NULL, '0.00') ON CONFLICT DO NOTHING;
INSERT INTO "formato_unico" ("id", "customer_id", "state", "current_order_id", "order_token", "subtotal", "created_at", "updated_at", "assigned_seller_id", "consultant_note", "pdf_url", "discount_percent") VALUES ('93712fee-c05b-4c53-866b-057c849b5ce9', NULL, 'BORRADOR', NULL, 'dcf93613-886d-4380-a881-9e362f0b1aa7', '25.00', '2026-07-18T23:33:42.180682+00:00', '2026-07-18T23:33:49.598157+00:00', NULL, NULL, NULL, '0.00') ON CONFLICT DO NOTHING;
INSERT INTO "formato_unico" ("id", "customer_id", "state", "current_order_id", "order_token", "subtotal", "created_at", "updated_at", "assigned_seller_id", "consultant_note", "pdf_url", "discount_percent") VALUES ('83c588a7-296d-4165-87cf-548ca10f3182', NULL, 'PEDIDO', NULL, '7S8lo9ebFuh6r8kzLmgvmURq2tRNm3cAJfwTgZfRLKg', '45.00', '2026-07-18T02:20:27.325461+00:00', '2026-07-18T02:20:38.282151+00:00', NULL, NULL, NULL, '0.00') ON CONFLICT DO NOTHING;
INSERT INTO "formato_unico" ("id", "customer_id", "state", "current_order_id", "order_token", "subtotal", "created_at", "updated_at", "assigned_seller_id", "consultant_note", "pdf_url", "discount_percent") VALUES ('d682c98f-bd93-47a8-af3e-31d35446194e', NULL, 'PEDIDO', NULL, 'MuVo8J4RIgVmgQ_kQXg0TNmTRaW27oejuAkuLkWZCVU', '250.00', '2026-07-18T02:44:39.658845+00:00', '2026-07-18T02:44:59.072323+00:00', NULL, NULL, NULL, '0.00') ON CONFLICT DO NOTHING;
INSERT INTO "formato_unico" ("id", "customer_id", "state", "current_order_id", "order_token", "subtotal", "created_at", "updated_at", "assigned_seller_id", "consultant_note", "pdf_url", "discount_percent") VALUES ('55eb6bf3-1956-4fd8-a9da-ba3709088cac', 'e9e7505a-55f2-4d0a-9f75-ab1ef294c4ca', 'PEDIDO', NULL, NULL, '965.00', '2026-07-13T00:57:02.412516+00:00', '2026-07-18T02:22:26.898265+00:00', NULL, NULL, NULL, '0.00') ON CONFLICT DO NOTHING;
INSERT INTO "formato_unico" ("id", "customer_id", "state", "current_order_id", "order_token", "subtotal", "created_at", "updated_at", "assigned_seller_id", "consultant_note", "pdf_url", "discount_percent") VALUES ('bbf99f23-613e-400e-93e9-e07245624ec0', 'e9e7505a-55f2-4d0a-9f75-ab1ef294c4ca', 'PEDIDO', NULL, NULL, '0.00', '2026-07-13T00:57:01.287723+00:00', '2026-07-18T02:29:11.211680+00:00', NULL, NULL, NULL, '0.00') ON CONFLICT DO NOTHING;
INSERT INTO "formato_unico" ("id", "customer_id", "state", "current_order_id", "order_token", "subtotal", "created_at", "updated_at", "assigned_seller_id", "consultant_note", "pdf_url", "discount_percent") VALUES ('a1ee12b5-e9f8-47a0-b24e-2b90dc423d2f', '8da37c04-d796-40c7-9140-4e7787b1d1d6', 'PEDIDO', NULL, NULL, '2100.00', '2026-07-16T19:51:52.795385+00:00', '2026-07-16T19:52:21.946988+00:00', NULL, NULL, NULL, '0.00') ON CONFLICT DO NOTHING;
INSERT INTO "formato_unico" ("id", "customer_id", "state", "current_order_id", "order_token", "subtotal", "created_at", "updated_at", "assigned_seller_id", "consultant_note", "pdf_url", "discount_percent") VALUES ('0d383142-5849-452f-973e-aff1f5963de2', NULL, 'PEDIDO', NULL, 'YcQW6xk0UJIjXVV4CYby2rJ35armJOgc8FFznRhINKQ', '25.00', '2026-07-16T20:01:11.437556+00:00', '2026-07-16T20:01:24.392961+00:00', NULL, NULL, NULL, '0.00') ON CONFLICT DO NOTHING;
INSERT INTO "formato_unico" ("id", "customer_id", "state", "current_order_id", "order_token", "subtotal", "created_at", "updated_at", "assigned_seller_id", "consultant_note", "pdf_url", "discount_percent") VALUES ('5f33cd91-bb80-4bf1-8b05-8720537e20f0', NULL, 'CANCELADO', NULL, 'a52d491d-dae8-4b49-80ff-9412e14df0da', '545.00', '2026-07-16T20:01:43.608369+00:00', '2026-07-16T20:08:28.902189+00:00', NULL, NULL, NULL, '0.00') ON CONFLICT DO NOTHING;
INSERT INTO "formato_unico" ("id", "customer_id", "state", "current_order_id", "order_token", "subtotal", "created_at", "updated_at", "assigned_seller_id", "consultant_note", "pdf_url", "discount_percent") VALUES ('24070a5f-c30b-481a-8a16-c8cdc1e23458', '686abd3b-9c5b-4645-a914-84ed697606ef', 'BORRADOR', NULL, NULL, '0.00', '2026-07-16T20:17:45.444367+00:00', '2026-07-16T20:17:45.515962+00:00', NULL, NULL, NULL, '0.00') ON CONFLICT DO NOTHING;
INSERT INTO "formato_unico" ("id", "customer_id", "state", "current_order_id", "order_token", "subtotal", "created_at", "updated_at", "assigned_seller_id", "consultant_note", "pdf_url", "discount_percent") VALUES ('31563fbc-d0f3-46d3-8ba6-f5b37d42cb77', NULL, 'PEDIDO', NULL, 'eirBbfEG3RKhwIgLJQF0B1eZm6uvtWOAUq2X4D8Zdg8', '45.00', '2026-07-18T03:04:59.505159+00:00', '2026-07-18T03:05:19.119890+00:00', NULL, NULL, NULL, '0.00') ON CONFLICT DO NOTHING;
INSERT INTO "formato_unico" ("id", "customer_id", "state", "current_order_id", "order_token", "subtotal", "created_at", "updated_at", "assigned_seller_id", "consultant_note", "pdf_url", "discount_percent") VALUES ('59401566-5c7a-4092-9464-05b3ecf248a6', 'e9e7505a-55f2-4d0a-9f75-ab1ef294c4ca', 'PEDIDO', NULL, NULL, '420.00', '2026-07-18T02:29:29.336763+00:00', '2026-07-18T02:29:47.717235+00:00', NULL, NULL, NULL, '0.00') ON CONFLICT DO NOTHING;
INSERT INTO "formato_unico" ("id", "customer_id", "state", "current_order_id", "order_token", "subtotal", "created_at", "updated_at", "assigned_seller_id", "consultant_note", "pdf_url", "discount_percent") VALUES ('66037d39-ad8c-4a55-9011-e8d11c4ebb01', 'e9e7505a-55f2-4d0a-9f75-ab1ef294c4ca', 'PEDIDO', NULL, NULL, '420.00', '2026-07-18T02:29:28.660090+00:00', '2026-07-18T02:33:55.738753+00:00', NULL, NULL, NULL, '0.00') ON CONFLICT DO NOTHING;
INSERT INTO "formato_unico" ("id", "customer_id", "state", "current_order_id", "order_token", "subtotal", "created_at", "updated_at", "assigned_seller_id", "consultant_note", "pdf_url", "discount_percent") VALUES ('adec98f2-de52-4606-b476-5d339bf6c794', NULL, 'PEDIDO', NULL, 'wHEPD3uV5fmwEC-NNHHdhvkfYNVS1cgvu-5KdWoySIQ', '420.00', '2026-07-18T02:35:39.644294+00:00', '2026-07-18T02:36:06.156322+00:00', NULL, NULL, NULL, '0.00') ON CONFLICT DO NOTHING;
INSERT INTO "formato_unico" ("id", "customer_id", "state", "current_order_id", "order_token", "subtotal", "created_at", "updated_at", "assigned_seller_id", "consultant_note", "pdf_url", "discount_percent") VALUES ('902fde8e-0299-4328-b2ea-ef9f01ae2737', NULL, 'BORRADOR', NULL, 'c6720b01-ac6d-4f50-a279-2d5141267f3d', '25.00', '2026-07-18T23:30:42.720011+00:00', '2026-07-18T23:31:05.735674+00:00', NULL, NULL, NULL, '0.00') ON CONFLICT DO NOTHING;
INSERT INTO "formato_unico" ("id", "customer_id", "state", "current_order_id", "order_token", "subtotal", "created_at", "updated_at", "assigned_seller_id", "consultant_note", "pdf_url", "discount_percent") VALUES ('23a4a61e-d638-41b6-b818-02eaddc7844e', NULL, 'PEDIDO', NULL, 'oPuWtcI-7y_VsTFzZgWUGjyNDOL4kNyx8mga44hn6bk', '840.00', '2026-07-18T03:09:26.273309+00:00', '2026-07-18T03:11:14.658008+00:00', NULL, NULL, NULL, '0.00') ON CONFLICT DO NOTHING;
INSERT INTO "formato_unico" ("id", "customer_id", "state", "current_order_id", "order_token", "subtotal", "created_at", "updated_at", "assigned_seller_id", "consultant_note", "pdf_url", "discount_percent") VALUES ('df4dad52-d359-446a-9511-cefbb43ce232', NULL, 'BORRADOR', NULL, '1caf29a9-cb42-41aa-b502-728e89a003a2', '25.00', '2026-07-18T23:30:56.217786+00:00', '2026-07-18T23:31:09.834465+00:00', NULL, NULL, NULL, '0.00') ON CONFLICT DO NOTHING;
INSERT INTO "formato_unico" ("id", "customer_id", "state", "current_order_id", "order_token", "subtotal", "created_at", "updated_at", "assigned_seller_id", "consultant_note", "pdf_url", "discount_percent") VALUES ('6f01d65f-81a5-4851-975d-8f814d9e4c80', NULL, 'PEDIDO', NULL, 'qnXmNm_wdI4znrctSbVJLojE5Wxvu7G2d_4wAp70xsA', '420.00', '2026-07-18T03:15:48.252486+00:00', '2026-07-18T03:16:10.792874+00:00', NULL, NULL, NULL, '0.00') ON CONFLICT DO NOTHING;
INSERT INTO "formato_unico" ("id", "customer_id", "state", "current_order_id", "order_token", "subtotal", "created_at", "updated_at", "assigned_seller_id", "consultant_note", "pdf_url", "discount_percent") VALUES ('7a6e9e66-703a-43cb-8f8a-ed67610d1324', NULL, 'PEDIDO', NULL, 's2n0oa_ghQXuoVPp89xM5_10fDx1JUnLAvfBQOPHZ3E', '25.00', '2026-07-18T23:30:04.779932+00:00', '2026-07-18T23:31:06.058006+00:00', NULL, NULL, NULL, '0.00') ON CONFLICT DO NOTHING;
INSERT INTO "formato_unico" ("id", "customer_id", "state", "current_order_id", "order_token", "subtotal", "created_at", "updated_at", "assigned_seller_id", "consultant_note", "pdf_url", "discount_percent") VALUES ('a3cbcd72-7c32-425b-905d-189570d463fd', NULL, 'BORRADOR', NULL, 'efda2288-0e9c-4083-bf70-457298811648', '25.00', '2026-07-18T23:33:41.270597+00:00', '2026-07-18T23:33:49.054702+00:00', NULL, NULL, NULL, '0.00') ON CONFLICT DO NOTHING;
INSERT INTO "formato_unico" ("id", "customer_id", "state", "current_order_id", "order_token", "subtotal", "created_at", "updated_at", "assigned_seller_id", "consultant_note", "pdf_url", "discount_percent") VALUES ('a30893e0-e025-4f66-8fbd-7172da0a9379', NULL, 'BORRADOR', NULL, '03cfae64-9b44-4cd0-b1f6-5619bc872ee9', '25.00', '2026-07-18T23:37:23.878182+00:00', '2026-07-18T23:37:30.479359+00:00', NULL, NULL, NULL, '0.00') ON CONFLICT DO NOTHING;
INSERT INTO "formato_unico" ("id", "customer_id", "state", "current_order_id", "order_token", "subtotal", "created_at", "updated_at", "assigned_seller_id", "consultant_note", "pdf_url", "discount_percent") VALUES ('c1f80473-8c26-4904-9eb1-893b1ee1e6ac', 'e9e7505a-55f2-4d0a-9f75-ab1ef294c4ca', 'BORRADOR', NULL, NULL, '0.00', '2026-07-19T00:14:07.725070+00:00', '2026-07-19T00:14:09.507402+00:00', NULL, NULL, NULL, '0.00') ON CONFLICT DO NOTHING;
INSERT INTO "formato_unico" ("id", "customer_id", "state", "current_order_id", "order_token", "subtotal", "created_at", "updated_at", "assigned_seller_id", "consultant_note", "pdf_url", "discount_percent") VALUES ('86d7e9b7-0a82-461f-8f4d-377e349f6998', NULL, 'PEDIDO', NULL, 'kUS-3e1PbieW5ufoNS77vDctIdged63rshoTBMTr0aA', '25.00', '2026-07-18T23:38:21.866256+00:00', '2026-07-18T23:38:37.359216+00:00', NULL, NULL, NULL, '0.00') ON CONFLICT DO NOTHING;
INSERT INTO "formato_unico" ("id", "customer_id", "state", "current_order_id", "order_token", "subtotal", "created_at", "updated_at", "assigned_seller_id", "consultant_note", "pdf_url", "discount_percent") VALUES ('7ff965b5-474c-4519-9a1a-8f7a62fc5064', NULL, 'BORRADOR', NULL, '74d0f54c-cdb7-484b-93cf-623f979cd43d', '25.00', '2026-07-18T23:38:49.900301+00:00', '2026-07-18T23:38:54.347567+00:00', NULL, NULL, NULL, '0.00') ON CONFLICT DO NOTHING;
INSERT INTO "formato_unico" ("id", "customer_id", "state", "current_order_id", "order_token", "subtotal", "created_at", "updated_at", "assigned_seller_id", "consultant_note", "pdf_url", "discount_percent") VALUES ('92efe262-210e-471e-a8a5-d2cf07d168b5', NULL, 'PEDIDO', NULL, 'jKCAWg-By7O-ye22dPYMjKni2JGiTZLQEAappbckLSo', '25.00', '2026-07-19T00:16:44.760228+00:00', '2026-07-19T00:17:05.175253+00:00', NULL, NULL, NULL, '0.00') ON CONFLICT DO NOTHING;
INSERT INTO "formato_unico" ("id", "customer_id", "state", "current_order_id", "order_token", "subtotal", "created_at", "updated_at", "assigned_seller_id", "consultant_note", "pdf_url", "discount_percent") VALUES ('3a456a4f-d9f8-48eb-82fa-3d50105d3233', NULL, 'BORRADOR', NULL, '231787be-2075-4f7d-93b6-a7a4fee24d61', '25.00', '2026-07-19T00:17:31.429675+00:00', '2026-07-19T00:17:37.140846+00:00', NULL, NULL, NULL, '0.00') ON CONFLICT DO NOTHING;
INSERT INTO "formato_unico" ("id", "customer_id", "state", "current_order_id", "order_token", "subtotal", "created_at", "updated_at", "assigned_seller_id", "consultant_note", "pdf_url", "discount_percent") VALUES ('a0e366ea-7dc5-4b4c-a1d9-36e671e4a4a1', NULL, 'PEDIDO', NULL, 'MOWrhkOteR-MojZoPkX58CcE-9Qd6lsMJksxBLX6DQE', '25.00', '2026-07-19T00:21:21.838935+00:00', '2026-07-19T00:21:36.142367+00:00', NULL, NULL, NULL, '0.00') ON CONFLICT DO NOTHING;
INSERT INTO "formato_unico" ("id", "customer_id", "state", "current_order_id", "order_token", "subtotal", "created_at", "updated_at", "assigned_seller_id", "consultant_note", "pdf_url", "discount_percent") VALUES ('261e7135-88d0-414a-84a3-ad3226d9303d', NULL, 'BORRADOR', NULL, '5ee834a9-8e19-48de-a28c-8d18a1ce7f8a', '25.00', '2026-07-19T00:21:47.806526+00:00', '2026-07-19T00:21:52.323145+00:00', NULL, NULL, NULL, '0.00') ON CONFLICT DO NOTHING;
INSERT INTO "formato_unico" ("id", "customer_id", "state", "current_order_id", "order_token", "subtotal", "created_at", "updated_at", "assigned_seller_id", "consultant_note", "pdf_url", "discount_percent") VALUES ('87a4aaf9-2fae-4dbc-aa84-c36d2b114bea', NULL, 'BORRADOR', NULL, 'ec22ff71-e8f8-402c-b4d1-ffb925e8bcc5', '25.00', '2026-07-19T00:30:58.351381+00:00', '2026-07-19T00:31:03.077248+00:00', NULL, NULL, NULL, '0.00') ON CONFLICT DO NOTHING;
INSERT INTO "formato_unico" ("id", "customer_id", "state", "current_order_id", "order_token", "subtotal", "created_at", "updated_at", "assigned_seller_id", "consultant_note", "pdf_url", "discount_percent") VALUES ('42d4bfcb-effc-4a12-ac4f-58019a55f24d', NULL, 'PEDIDO', NULL, 'id3z-4v8xUd72TRmc7hwr3Y1QjJ9RDZbNb7oRULaHS8', '25.00', '2026-07-19T00:30:36.748224+00:00', '2026-07-19T00:30:50.557930+00:00', NULL, NULL, NULL, '0.00') ON CONFLICT DO NOTHING;
INSERT INTO "formato_unico" ("id", "customer_id", "state", "current_order_id", "order_token", "subtotal", "created_at", "updated_at", "assigned_seller_id", "consultant_note", "pdf_url", "discount_percent") VALUES ('2df5d895-52bc-4431-a64a-4c408a61a0cf', '8da37c04-d796-40c7-9140-4e7787b1d1d6', 'PEDIDO', NULL, NULL, '11247.50', '2026-07-19T17:56:32.990358+00:00', '2026-07-20T11:34:05.767195+00:00', NULL, NULL, NULL, '0.00') ON CONFLICT DO NOTHING;
INSERT INTO "formato_unico" ("id", "customer_id", "state", "current_order_id", "order_token", "subtotal", "created_at", "updated_at", "assigned_seller_id", "consultant_note", "pdf_url", "discount_percent") VALUES ('1f46f7ac-34af-4dbb-b5a4-bfadcdb5f772', '5ae722b3-8a82-4406-a94f-d9303ef538d0', 'PEDIDO', NULL, NULL, '25.00', '2026-07-19T00:52:10.699881+00:00', '2026-07-19T00:52:48.397198+00:00', NULL, NULL, NULL, '0.00') ON CONFLICT DO NOTHING;
INSERT INTO "formato_unico" ("id", "customer_id", "state", "current_order_id", "order_token", "subtotal", "created_at", "updated_at", "assigned_seller_id", "consultant_note", "pdf_url", "discount_percent") VALUES ('058c720b-a87c-4483-95d5-e279b2028f94', NULL, 'PEDIDO', NULL, '307VmSFJ35OnN0CIr2--wyEadO8SmLdIvtm6cBwAKxA', '25.00', '2026-07-19T00:54:10.429604+00:00', '2026-07-19T00:54:23.004546+00:00', NULL, NULL, NULL, '0.00') ON CONFLICT DO NOTHING;
INSERT INTO "formato_unico" ("id", "customer_id", "state", "current_order_id", "order_token", "subtotal", "created_at", "updated_at", "assigned_seller_id", "consultant_note", "pdf_url", "discount_percent") VALUES ('8486f82b-73b9-472f-93f4-0d59132b8f1b', '5ae722b3-8a82-4406-a94f-d9303ef538d0', 'PEDIDO', NULL, NULL, '0.00', '2026-07-19T00:54:43.827862+00:00', '2026-07-19T00:54:49.301845+00:00', NULL, NULL, NULL, '0.00') ON CONFLICT DO NOTHING;
INSERT INTO "formato_unico" ("id", "customer_id", "state", "current_order_id", "order_token", "subtotal", "created_at", "updated_at", "assigned_seller_id", "consultant_note", "pdf_url", "discount_percent") VALUES ('30d54794-9699-4138-9c57-5b0ffbf193f3', NULL, 'BORRADOR', NULL, 'c7e83c16-9b5b-4314-b387-c18f367f35d5', '25.00', '2026-07-19T00:55:00.561144+00:00', '2026-07-19T00:55:05.507613+00:00', NULL, NULL, NULL, '0.00') ON CONFLICT DO NOTHING;
INSERT INTO "formato_unico" ("id", "customer_id", "state", "current_order_id", "order_token", "subtotal", "created_at", "updated_at", "assigned_seller_id", "consultant_note", "pdf_url", "discount_percent") VALUES ('9800db81-35a9-4ecc-9657-8f5555c1916b', '5ae722b3-8a82-4406-a94f-d9303ef538d0', 'PEDIDO', NULL, NULL, '50.00', '2026-07-19T00:54:28.018026+00:00', '2026-07-19T01:02:42.314435+00:00', NULL, NULL, NULL, '0.00') ON CONFLICT DO NOTHING;
INSERT INTO "formato_unico" ("id", "customer_id", "state", "current_order_id", "order_token", "subtotal", "created_at", "updated_at", "assigned_seller_id", "consultant_note", "pdf_url", "discount_percent") VALUES ('3d74b9f9-9e4e-4dec-91bd-f4bf32c943cd', NULL, 'CANCELADO', NULL, 'b2fe864b-ddd1-4943-b3bc-3faea62012aa', '25.00', '2026-07-19T01:02:25.969949+00:00', '2026-07-19T01:02:31.680388+00:00', NULL, NULL, NULL, '0.00') ON CONFLICT DO NOTHING;
INSERT INTO "formato_unico" ("id", "customer_id", "state", "current_order_id", "order_token", "subtotal", "created_at", "updated_at", "assigned_seller_id", "consultant_note", "pdf_url", "discount_percent") VALUES ('9cd84671-6a05-4717-b2c9-571b853a90a6', NULL, 'PEDIDO', NULL, 'RMEvS8yytNbHjNiC77y-Y4GJYgwP5aon9cX2MLOAD1k', '25.00', '2026-07-19T03:58:54.433017+00:00', '2026-07-19T03:59:06.532050+00:00', NULL, NULL, NULL, '0.00') ON CONFLICT DO NOTHING;
INSERT INTO "formato_unico" ("id", "customer_id", "state", "current_order_id", "order_token", "subtotal", "created_at", "updated_at", "assigned_seller_id", "consultant_note", "pdf_url", "discount_percent") VALUES ('80d10141-dd02-46d1-be9c-255af3043186', '5ae722b3-8a82-4406-a94f-d9303ef538d0', 'PEDIDO', NULL, NULL, '0.00', '2026-07-19T03:59:30.995812+00:00', '2026-07-19T03:59:35.286981+00:00', NULL, NULL, NULL, '0.00') ON CONFLICT DO NOTHING;
INSERT INTO "formato_unico" ("id", "customer_id", "state", "current_order_id", "order_token", "subtotal", "created_at", "updated_at", "assigned_seller_id", "consultant_note", "pdf_url", "discount_percent") VALUES ('f3805305-4ad4-41be-ad9b-59cd373d992f', '5ae722b3-8a82-4406-a94f-d9303ef538d0', 'PEDIDO', NULL, NULL, '50.00', '2026-07-19T03:59:14.502080+00:00', '2026-07-19T05:26:28.821223+00:00', NULL, NULL, NULL, '0.00') ON CONFLICT DO NOTHING;
INSERT INTO "formato_unico" ("id", "customer_id", "state", "current_order_id", "order_token", "subtotal", "created_at", "updated_at", "assigned_seller_id", "consultant_note", "pdf_url", "discount_percent") VALUES ('a52ddc92-7ae1-488e-87fa-6e38fffccabf', NULL, 'CANCELADO', NULL, 'bd76fdf8-9eff-47bf-8e16-0ce471257030', '25.00', '2026-07-19T05:26:12.700513+00:00', '2026-07-19T05:26:18.135672+00:00', NULL, NULL, NULL, '0.00') ON CONFLICT DO NOTHING;
INSERT INTO "formato_unico" ("id", "customer_id", "state", "current_order_id", "order_token", "subtotal", "created_at", "updated_at", "assigned_seller_id", "consultant_note", "pdf_url", "discount_percent") VALUES ('18b78f03-4f99-4653-9ad5-a4563246242c', NULL, 'CANCELADO', NULL, '6fa8fdc4-94eb-42aa-a3d9-9c58f6a1b14d', '0.00', '2026-07-20T10:19:32.341017+00:00', '2026-07-20T10:19:34.141730+00:00', NULL, NULL, NULL, '0.00') ON CONFLICT DO NOTHING;
ALTER TABLE "formato_unico" ENABLE TRIGGER ALL;

-- Tabla: orders (44 registros)
ALTER TABLE "orders" DISABLE TRIGGER ALL;
INSERT INTO "orders" ("id", "formato_unico_id", "status", "shipping_address", "dni_or_ruc", "document_type", "shipping_cost", "total_amount", "payment_preference_id", "payment_method", "cancellation_reason", "cancelled_by", "order_token", "created_at", "updated_at") VALUES ('2595c6d2-4b37-40e4-99a7-ac0230c115f9', 'f0e864eb-d191-4a56-9d57-12fb6c4c81aa', 'PENDING_PAYMENT', 'Test 123', '12345678', NULL, 15.0, 265.0, '05efd10bc5bb7a9ee4661fc309cf5101b061ab82e6de81016f6d86e5c6b5648a', NULL, NULL, NULL, 'QkDe7GOxHfkhCp5O85Lemo0hBaczpnBKvpamh6T9KRg', '2026-07-11T02:05:39.663668+00:00', NULL) ON CONFLICT DO NOTHING;
INSERT INTO "orders" ("id", "formato_unico_id", "status", "shipping_address", "dni_or_ruc", "document_type", "shipping_cost", "total_amount", "payment_preference_id", "payment_method", "cancellation_reason", "cancelled_by", "order_token", "created_at", "updated_at") VALUES ('69948803-57a7-4a1d-bf71-708325e74bda', 'c22b403c-27dc-4d12-acae-0c7a73a28806', 'PENDING_PAYMENT', 'Av. Siempre Viva 123, Lima', '20123456789', NULL, 15.0, 60.0, '90cb349aac3b89018db51d46bd117405a28f7a8934b1b5b0c5d1104993ff1f70', NULL, NULL, NULL, 'I9xYo0M6qMBJlpCbQBmsumlbKwekKubVSZIhwu4EEEc', '2026-07-11T16:48:14.035775+00:00', NULL) ON CONFLICT DO NOTHING;
INSERT INTO "orders" ("id", "formato_unico_id", "status", "shipping_address", "dni_or_ruc", "document_type", "shipping_cost", "total_amount", "payment_preference_id", "payment_method", "cancellation_reason", "cancelled_by", "order_token", "created_at", "updated_at") VALUES ('53a2e414-f852-4b2c-a8d7-36569f04448d', '16929f86-06e5-41a6-ae82-2690e2ea1598', 'PENDING_PAYMENT', 'Av. Siempre Viva 742, Lima', '12345678', NULL, 15.0, 865.0, '775bef6a78c83e31bd7203674c6adbb0ed381f847b3d448e1fd9cb1b2c939212', NULL, NULL, NULL, 'ust4g9m-cKEaxh7Ui3bg490uDwYye_9sF4WWTbsNatU', '2026-07-13T10:39:50.838352+00:00', NULL) ON CONFLICT DO NOTHING;
INSERT INTO "orders" ("id", "formato_unico_id", "status", "shipping_address", "dni_or_ruc", "document_type", "shipping_cost", "total_amount", "payment_preference_id", "payment_method", "cancellation_reason", "cancelled_by", "order_token", "created_at", "updated_at") VALUES ('8a9099c0-221e-41bf-9ad0-307a25e8aa6f', '05361329-a88d-47fa-981f-aa8d9a2302a5', 'PENDING_PAYMENT', 'Av. Siempre Viva 742, Lima', '12345678', NULL, 15.0, 865.0, '03a3222bfdb5db03b552a0c92947f052f402ba6d80a982c450f18b2de29efe0f', NULL, NULL, NULL, 'OLeLml8dg42YixXj681zZm4bG3eSToaEOsKN42rQo3M', '2026-07-13T10:46:24.892792+00:00', NULL) ON CONFLICT DO NOTHING;
INSERT INTO "orders" ("id", "formato_unico_id", "status", "shipping_address", "dni_or_ruc", "document_type", "shipping_cost", "total_amount", "payment_preference_id", "payment_method", "cancellation_reason", "cancelled_by", "order_token", "created_at", "updated_at") VALUES ('bc063e49-ce34-46d1-962e-bee349afa986', '0e6f8b19-68b1-4563-851a-45a79cf18f1b', 'PENDING_PAYMENT', 'Av. Siempre Viva 742', '12345678', NULL, 15.0, 865.0, 'b2407311381fb4d81c9ddcddf27ee12ebc516f032f8bb348af9f7ba5c1027d9a', NULL, NULL, NULL, 'Utq_57Y3mG6y-j1sHM8VHHNK3yEGOdrX6ZRPtqmlMsk', '2026-07-13T10:48:00.254089+00:00', NULL) ON CONFLICT DO NOTHING;
INSERT INTO "orders" ("id", "formato_unico_id", "status", "shipping_address", "dni_or_ruc", "document_type", "shipping_cost", "total_amount", "payment_preference_id", "payment_method", "cancellation_reason", "cancelled_by", "order_token", "created_at", "updated_at") VALUES ('47f5702a-8bcb-41a5-80c6-04ce685cd701', '4715ec45-4eaf-4fb3-8e27-aef6da42f027', 'PENDING_PAYMENT', 'Av. Siempre Viva 742, Lima', '12345678', NULL, 15.0, 865.0, '3e60051cd7a3f812ce2375699b457d70686386da1c65feef678b29929c5fa0ed', NULL, NULL, NULL, 'slcSLBH7E8wSjhU_8zzuPt2dmfkaO0jrAlz5UTAiTks', '2026-07-13T10:58:27.666799+00:00', NULL) ON CONFLICT DO NOTHING;
INSERT INTO "orders" ("id", "formato_unico_id", "status", "shipping_address", "dni_or_ruc", "document_type", "shipping_cost", "total_amount", "payment_preference_id", "payment_method", "cancellation_reason", "cancelled_by", "order_token", "created_at", "updated_at") VALUES ('3186604b-cd22-4ecb-b121-1401d4c4f642', '19bf70b2-a89a-44d1-825d-fd9c841fc198', 'PENDING_PAYMENT', 'Av. Siempre Viva 123, Lima', '20123456789', NULL, 15.0, 865.0, 'ab33a81423158369b8cebc19d51585ef0a5282627606003dac7ebb33d0d5345e', NULL, NULL, NULL, 'ckXThX1hUFHInTtPcjOX8WUBgnsqp5IEBxBHMz-BuUI', '2026-07-15T21:05:07.896515+00:00', NULL) ON CONFLICT DO NOTHING;
INSERT INTO "orders" ("id", "formato_unico_id", "status", "shipping_address", "dni_or_ruc", "document_type", "shipping_cost", "total_amount", "payment_preference_id", "payment_method", "cancellation_reason", "cancelled_by", "order_token", "created_at", "updated_at") VALUES ('57494782-4c84-4ec7-a222-d52fec107ced', '415649e8-c3c8-4c6d-9184-294580b15e7f', 'PENDING_PAYMENT', 'Av. Siempre Viva 123, Lima', '87654321', NULL, 15.0, 865.0, '474b7dcc93f031188c2ab85aed7214cbbb09f65f5992b226754d817c7680c697', NULL, NULL, NULL, '2GRv0ZNly65TReywOIvffAqWof8QzI3jRYCWvP6LOWI', '2026-07-15T21:09:04.827811+00:00', NULL) ON CONFLICT DO NOTHING;
INSERT INTO "orders" ("id", "formato_unico_id", "status", "shipping_address", "dni_or_ruc", "document_type", "shipping_cost", "total_amount", "payment_preference_id", "payment_method", "cancellation_reason", "cancelled_by", "order_token", "created_at", "updated_at") VALUES ('f5a22d8e-2784-4ce5-b462-babe659eabbe', '6cbc2cf8-a960-4354-b1ef-9e1af57982d9', 'PENDING_PAYMENT', 'Av. Siempre Viva 123, Lima', '20123456789', NULL, 15.0, 1740.0, '7eb3839e99810ce132616ef4050ef30df0aad74b0633bf64b1be3d1256166951', NULL, NULL, NULL, 'hyQB4OPtshjkolprEprfaKipT6tDE8Nlih8eY48iyFA', '2026-07-15T21:45:37.825094+00:00', NULL) ON CONFLICT DO NOTHING;
INSERT INTO "orders" ("id", "formato_unico_id", "status", "shipping_address", "dni_or_ruc", "document_type", "shipping_cost", "total_amount", "payment_preference_id", "payment_method", "cancellation_reason", "cancelled_by", "order_token", "created_at", "updated_at") VALUES ('510d64f1-1a7b-4cc5-a9d7-65769854c9c0', 'e052e0ad-f1cf-4a0d-961f-acbb1c4580ee', 'PENDING_PAYMENT', 'Av. Siempre Viva 123, Lima', '20123456789', NULL, 15.0, 865.0, '3e694bafda25f411013a7d42f02b949eb32233e075e0c4e94df9ab06bfec12a3', NULL, NULL, NULL, 'ANGUSzOp6KZAyvD-Tdzenx323iWQUQOAWLqAn8Fe_lE', '2026-07-15T23:19:51.326209+00:00', NULL) ON CONFLICT DO NOTHING;
INSERT INTO "orders" ("id", "formato_unico_id", "status", "shipping_address", "dni_or_ruc", "document_type", "shipping_cost", "total_amount", "payment_preference_id", "payment_method", "cancellation_reason", "cancelled_by", "order_token", "created_at", "updated_at") VALUES ('5047a3a4-5071-46fc-8d8d-756c155ee177', '4e756b3c-a766-4d77-b0fa-a28ebe1c27b8', 'PENDING_PAYMENT', 'Av. Siempre Viva 123, Lima', '20123456789', NULL, 15.0, 265.0, '3725d0ba4a71374b142ef00a01ffa13273d0af4f500a8c2fab1abc360f25da58', NULL, NULL, NULL, 'pNITom5tiLzFaZdIdU4xm4brNgAgOtA-LaMLECJJnhU', '2026-07-16T00:47:11.787548+00:00', NULL) ON CONFLICT DO NOTHING;
INSERT INTO "orders" ("id", "formato_unico_id", "status", "shipping_address", "dni_or_ruc", "document_type", "shipping_cost", "total_amount", "payment_preference_id", "payment_method", "cancellation_reason", "cancelled_by", "order_token", "created_at", "updated_at") VALUES ('d409ceea-b109-4762-a62a-bb696a83968b', '3dd0a353-9828-43e0-86f0-cead06c7e981', 'PENDING_PAYMENT', 'Av. Siempre Viva 123, Lima', '20123456789', NULL, 15.0, 60.0, 'cd8093ed825026118af4475fd82447b228d5ca009a317d5eff7ffbd609204e3d', NULL, NULL, NULL, 'NugAhnGV7FG83qp6WZT8OiqrrCHEOfalgQuRO04sc_o', '2026-07-16T00:55:41.105233+00:00', NULL) ON CONFLICT DO NOTHING;
INSERT INTO "orders" ("id", "formato_unico_id", "status", "shipping_address", "dni_or_ruc", "document_type", "shipping_cost", "total_amount", "payment_preference_id", "payment_method", "cancellation_reason", "cancelled_by", "order_token", "created_at", "updated_at") VALUES ('935d53d9-eb28-42af-bcbe-46ad98d45d36', 'eac1b0f8-cbda-4162-a2b5-abe1822efc72', 'PENDING_PAYMENT', 'Av. Siempre Viva 123, Lima', '20123456789', NULL, 15.0, 105.0, '754b33e80ece3fba7d9831d63b6122096027ce09f42ceee95a9d7bac6de2a916', NULL, NULL, NULL, 'PCk4X68EIcUHMIgr0ic9YudHT_1qiNGFwGozKzseMu8', '2026-07-16T01:13:31.853272+00:00', NULL) ON CONFLICT DO NOTHING;
INSERT INTO "orders" ("id", "formato_unico_id", "status", "shipping_address", "dni_or_ruc", "document_type", "shipping_cost", "total_amount", "payment_preference_id", "payment_method", "cancellation_reason", "cancelled_by", "order_token", "created_at", "updated_at") VALUES ('43d661a9-a4cc-4857-902a-8744945574d9', '8ce5777d-a8e7-414c-aa55-3d48ca8c15b5', 'PENDING_PAYMENT', 'Av. Siempre Viva 123, Lima', '20123456789', NULL, 15.0, 1715.0, 'a3b1517b379a5ab53115cf5f49d413f345d0b4e31e29ca88b9045d7d33cf32fe', NULL, NULL, NULL, 'UhMENUtc6fsDdUuN9RGapG72LauCreZzySTEqGoLgH4', '2026-07-16T19:22:42.288364+00:00', NULL) ON CONFLICT DO NOTHING;
INSERT INTO "orders" ("id", "formato_unico_id", "status", "shipping_address", "dni_or_ruc", "document_type", "shipping_cost", "total_amount", "payment_preference_id", "payment_method", "cancellation_reason", "cancelled_by", "order_token", "created_at", "updated_at") VALUES ('1ffabb24-8612-4396-9f4d-7b4c1660fb0a', '44765ef2-fe93-4e44-835f-5ab97910be74', 'PENDING_PAYMENT', 'Av. Siempre Viva 123, Lima', '20123456789', NULL, 15.0, 265.0, 'd15b114284b1f89858fccb084aa72ada901b17bec235b1ea6c368622387c9354', NULL, NULL, NULL, 'Zy8Pln4tyzDaZRKzkMpXohaMC_yN-zhO0PVmv_pcTJw', '2026-07-16T19:37:53.176366+00:00', NULL) ON CONFLICT DO NOTHING;
INSERT INTO "orders" ("id", "formato_unico_id", "status", "shipping_address", "dni_or_ruc", "document_type", "shipping_cost", "total_amount", "payment_preference_id", "payment_method", "cancellation_reason", "cancelled_by", "order_token", "created_at", "updated_at") VALUES ('6f9eb075-eabd-4deb-894b-be814a931369', 'a1ee12b5-e9f8-47a0-b24e-2b90dc423d2f', 'PENDING_PAYMENT', 'Av. Siempre Viva 123, Lima', '20123456789', NULL, 15.0, 2115.0, '4b7216923e7f475fb5d605eb8b741b18a8cf15ff7124d1eba89bcd143919f41a', NULL, NULL, NULL, 'Ia3VKJeX5qtiEA6qlKLUCm3yjzCUUK0AysQZrk_U7yE', '2026-07-16T19:52:22.402941+00:00', NULL) ON CONFLICT DO NOTHING;
INSERT INTO "orders" ("id", "formato_unico_id", "status", "shipping_address", "dni_or_ruc", "document_type", "shipping_cost", "total_amount", "payment_preference_id", "payment_method", "cancellation_reason", "cancelled_by", "order_token", "created_at", "updated_at") VALUES ('d1e67fde-d56f-45f2-ae6e-e469e993a099', '0d383142-5849-452f-973e-aff1f5963de2', 'PENDING_PAYMENT', 'Av. Test 456, Lima', '87654321', NULL, 15.0, 40.0, '1315d3f9a8f9add5cd9fb9bec3a7a7f4268e33c1d574a9433bc247a2461e21dd', NULL, NULL, NULL, 'YcQW6xk0UJIjXVV4CYby2rJ35armJOgc8FFznRhINKQ', '2026-07-16T20:01:24.860449+00:00', NULL) ON CONFLICT DO NOTHING;
INSERT INTO "orders" ("id", "formato_unico_id", "status", "shipping_address", "dni_or_ruc", "document_type", "shipping_cost", "total_amount", "payment_preference_id", "payment_method", "cancellation_reason", "cancelled_by", "order_token", "created_at", "updated_at") VALUES ('cce08107-b5f1-4281-8796-c954bb8e9882', 'e938aa4a-6ef1-4745-8c93-ba50c4da09ec', 'PENDING_PAYMENT', 'Av. Siempre Viva 123, Lima', '20123456789', NULL, 15.0, 60.0, 'ddfad77391b2d29b0a97e2acd3dac0744c9a6709f969f598a202e75cd2be26a0', NULL, NULL, NULL, '-ROYkMUQkB-nwTJ7YjUa64IPasNa-9r47WiGdm-4CtU', '2026-07-18T00:38:53.642494+00:00', NULL) ON CONFLICT DO NOTHING;
INSERT INTO "orders" ("id", "formato_unico_id", "status", "shipping_address", "dni_or_ruc", "document_type", "shipping_cost", "total_amount", "payment_preference_id", "payment_method", "cancellation_reason", "cancelled_by", "order_token", "created_at", "updated_at") VALUES ('fa1bd1f2-6231-4487-b9d8-f37479f3c9f0', '9c99506d-d6ac-4de3-8371-c998390ea59d', 'PENDING_PAYMENT', 'Av. Siempre Viva 123, Lima', '87654321', NULL, 15.0, 105.0, '222d52115bb6cae837a15e4cc5475068e58d2c6c0efc5fc803c5aa96a87b93a3', NULL, NULL, NULL, '8plx2ubuDOwNG6NIrhmoMOfbvcCeekNNt_nfqBjSM_Y', '2026-07-18T01:28:33.925313+00:00', NULL) ON CONFLICT DO NOTHING;
INSERT INTO "orders" ("id", "formato_unico_id", "status", "shipping_address", "dni_or_ruc", "document_type", "shipping_cost", "total_amount", "payment_preference_id", "payment_method", "cancellation_reason", "cancelled_by", "order_token", "created_at", "updated_at") VALUES ('5b00f63a-18c5-41ee-8ebd-b5169475981d', 'e24eb12d-7c1d-4a1d-8393-6035921579e2', 'PENDING_PAYMENT', 'Av. Test 456, Lima', '20123456789', NULL, 15.0, 435.0, '13f8fa960e8bad75ad00ce128267b1d53ec717080936289826ffea43bf2f3df8', NULL, NULL, NULL, 'u-wP3ngjMmDETZPxxIA9a2iQqOTyXDEGGlcmMymqud0', '2026-07-18T02:14:19.977662+00:00', NULL) ON CONFLICT DO NOTHING;
INSERT INTO "orders" ("id", "formato_unico_id", "status", "shipping_address", "dni_or_ruc", "document_type", "shipping_cost", "total_amount", "payment_preference_id", "payment_method", "cancellation_reason", "cancelled_by", "order_token", "created_at", "updated_at") VALUES ('6ebb39b2-bdaa-4d55-b1dd-c23bb5085c10', '83c588a7-296d-4165-87cf-548ca10f3182', 'PENDING_PAYMENT', 'Av. Test 456, Lima', '20123456789', NULL, 15.0, 60.0, 'd2298e586eea15ff36410a848b3681ab6d2c9dd269acd86e0324e80b3989790d', NULL, NULL, NULL, '7S8lo9ebFuh6r8kzLmgvmURq2tRNm3cAJfwTgZfRLKg', '2026-07-18T02:20:38.832224+00:00', NULL) ON CONFLICT DO NOTHING;
INSERT INTO "orders" ("id", "formato_unico_id", "status", "shipping_address", "dni_or_ruc", "document_type", "shipping_cost", "total_amount", "payment_preference_id", "payment_method", "cancellation_reason", "cancelled_by", "order_token", "created_at", "updated_at") VALUES ('e365b00f-34d2-40c9-a735-08156240717b', '55eb6bf3-1956-4fd8-a9da-ba3709088cac', 'PENDING_PAYMENT', 'Av. Siempre Viva 123, Lima', '20123456789', NULL, 15.0, 980.0, '6f6c1217f97708d1bf4e7ae6b3795399ecc32baaf0f52317aad02afb468916bb', NULL, NULL, NULL, 'tHQOU2c6_wXkmadAKz50klC7Mpur47pF6T2ddN8rXuY', '2026-07-18T02:22:33.105378+00:00', NULL) ON CONFLICT DO NOTHING;
INSERT INTO "orders" ("id", "formato_unico_id", "status", "shipping_address", "dni_or_ruc", "document_type", "shipping_cost", "total_amount", "payment_preference_id", "payment_method", "cancellation_reason", "cancelled_by", "order_token", "created_at", "updated_at") VALUES ('bfa13f34-6fef-4405-83bf-13dd95909504', 'bbf99f23-613e-400e-93e9-e07245624ec0', 'PENDING_PAYMENT', 'Av. Siempre Viva 123, Lima', '20123456789', NULL, 15.0, 15.0, '9a6129daae2bbe28852ea33617ff0f65d1aff2385811afb4e60409c2a36656a4', NULL, NULL, NULL, 'r2vRu0vjJa1FNQg3lGfVNcshbXfq0soU3AOmC4JHeoc', '2026-07-18T02:29:15.649317+00:00', NULL) ON CONFLICT DO NOTHING;
INSERT INTO "orders" ("id", "formato_unico_id", "status", "shipping_address", "dni_or_ruc", "document_type", "shipping_cost", "total_amount", "payment_preference_id", "payment_method", "cancellation_reason", "cancelled_by", "order_token", "created_at", "updated_at") VALUES ('33623599-97b8-4faa-8f29-353fc6c21b50', '59401566-5c7a-4092-9464-05b3ecf248a6', 'PENDING_PAYMENT', 'Av. Siempre Viva 123, Lima', '20123456789', NULL, 15.0, 435.0, '8bdb244389db65c10969d9f6a148c03f4396a447e177a1b5f981c20436b1aadd', NULL, NULL, NULL, 'UYnTRHd78s_PSpe6XiaGobT9ZEUhPozqdnOknqD0Jx8', '2026-07-18T02:29:52.672735+00:00', NULL) ON CONFLICT DO NOTHING;
INSERT INTO "orders" ("id", "formato_unico_id", "status", "shipping_address", "dni_or_ruc", "document_type", "shipping_cost", "total_amount", "payment_preference_id", "payment_method", "cancellation_reason", "cancelled_by", "order_token", "created_at", "updated_at") VALUES ('9a2c425f-d656-4880-a585-13c2cf4912e1', '66037d39-ad8c-4a55-9011-e8d11c4ebb01', 'PENDING_PAYMENT', 'Av. Siempre Viva 123, Lima', '20123456789', NULL, 15.0, 435.0, 'b557e231f26fa6292462e0a26364e9b3863934b242652138e398cadd70a23f98', NULL, NULL, NULL, 'PQjeJDT55_kJC2mpYo0YWL8lK-tZbFTfOef219igbUM', '2026-07-18T02:34:01.499753+00:00', NULL) ON CONFLICT DO NOTHING;
INSERT INTO "orders" ("id", "formato_unico_id", "status", "shipping_address", "dni_or_ruc", "document_type", "shipping_cost", "total_amount", "payment_preference_id", "payment_method", "cancellation_reason", "cancelled_by", "order_token", "created_at", "updated_at") VALUES ('e487776c-b8a0-44f9-95d7-9e286eb80335', 'adec98f2-de52-4606-b476-5d339bf6c794', 'PENDING_PAYMENT', 'Av.fr', '124678987', NULL, 15.0, 435.0, 'b2124b42e0504b1710162d06ac5356a3a03f4efde6225878fb979ff2063be29b', NULL, NULL, NULL, 'wHEPD3uV5fmwEC-NNHHdhvkfYNVS1cgvu-5KdWoySIQ', '2026-07-18T02:36:11.162190+00:00', NULL) ON CONFLICT DO NOTHING;
INSERT INTO "orders" ("id", "formato_unico_id", "status", "shipping_address", "dni_or_ruc", "document_type", "shipping_cost", "total_amount", "payment_preference_id", "payment_method", "cancellation_reason", "cancelled_by", "order_token", "created_at", "updated_at") VALUES ('a7f401e8-dbe9-4ad6-a52d-5c643c82f128', '62ad2aea-0aee-4436-8390-14251d496ab1', 'PENDING_PAYMENT', 'bg', '45555555555', NULL, 15.0, 435.0, '23400fb69219b5302cf427b1ce8d6c53a0b4b318fe973f38d2ef549daff17cbc', NULL, NULL, NULL, '8OqwgUXPC3MoI6Pmwpmf1UWCMmJxDELpklyOrPMWu2c', '2026-07-18T02:40:05.880301+00:00', NULL) ON CONFLICT DO NOTHING;
INSERT INTO "orders" ("id", "formato_unico_id", "status", "shipping_address", "dni_or_ruc", "document_type", "shipping_cost", "total_amount", "payment_preference_id", "payment_method", "cancellation_reason", "cancelled_by", "order_token", "created_at", "updated_at") VALUES ('4c032fbc-a16c-4a80-89c6-86e5844193e4', 'd682c98f-bd93-47a8-af3e-31d35446194e', 'PENDING_PAYMENT', 'Av. Siempre Viva 123, Lima', '20123456789', NULL, 15.0, 265.0, '465c0d7b5a9981e551f6adbe3da9f9f7b7900e7fa6b2d461beb7c6d32b1f4a6a', NULL, NULL, NULL, 'MuVo8J4RIgVmgQ_kQXg0TNmTRaW27oejuAkuLkWZCVU', '2026-07-18T02:45:04.149584+00:00', NULL) ON CONFLICT DO NOTHING;
INSERT INTO "orders" ("id", "formato_unico_id", "status", "shipping_address", "dni_or_ruc", "document_type", "shipping_cost", "total_amount", "payment_preference_id", "payment_method", "cancellation_reason", "cancelled_by", "order_token", "created_at", "updated_at") VALUES ('07200e46-3da1-4445-a652-0802bb8c3015', '31563fbc-d0f3-46d3-8ba6-f5b37d42cb77', 'PENDING_PAYMENT', 'Av. Test 456, Lima', '20123456789', NULL, 15.0, 60.0, '986d9ea9e157a0ab290e5afc7b67ff7b252b1f51f5a20bb309d82e580c22e72e', NULL, NULL, NULL, 'eirBbfEG3RKhwIgLJQF0B1eZm6uvtWOAUq2X4D8Zdg8', '2026-07-18T03:05:24.993795+00:00', NULL) ON CONFLICT DO NOTHING;
INSERT INTO "orders" ("id", "formato_unico_id", "status", "shipping_address", "dni_or_ruc", "document_type", "shipping_cost", "total_amount", "payment_preference_id", "payment_method", "cancellation_reason", "cancelled_by", "order_token", "created_at", "updated_at") VALUES ('c2db3723-98f7-43d7-8e7d-eb11a28aa69b', '23a4a61e-d638-41b6-b818-02eaddc7844e', 'PENDING_PAYMENT', 'Av. Test 456, Lima', '87654321', NULL, 15.0, 855.0, 'e13152b1b8e0056eb8e1d4cadfdc79810512eb19fe0792cdb75f48f5721337d2', NULL, NULL, NULL, 'oPuWtcI-7y_VsTFzZgWUGjyNDOL4kNyx8mga44hn6bk', '2026-07-18T03:11:19.620694+00:00', NULL) ON CONFLICT DO NOTHING;
INSERT INTO "orders" ("id", "formato_unico_id", "status", "shipping_address", "dni_or_ruc", "document_type", "shipping_cost", "total_amount", "payment_preference_id", "payment_method", "cancellation_reason", "cancelled_by", "order_token", "created_at", "updated_at") VALUES ('724772a8-1afd-4765-af7c-c260fdd89608', '6f01d65f-81a5-4851-975d-8f814d9e4c80', 'PENDING_PAYMENT', 'Av. Siempre Viva 123, Lima', '20123456789', NULL, 15.0, 435.0, '0ff46a8c350b28d601927df8beb8555a158985020e55dcd908866731af7daab0', NULL, NULL, NULL, 'qnXmNm_wdI4znrctSbVJLojE5Wxvu7G2d_4wAp70xsA', '2026-07-18T03:16:15.913472+00:00', NULL) ON CONFLICT DO NOTHING;
INSERT INTO "orders" ("id", "formato_unico_id", "status", "shipping_address", "dni_or_ruc", "document_type", "shipping_cost", "total_amount", "payment_preference_id", "payment_method", "cancellation_reason", "cancelled_by", "order_token", "created_at", "updated_at") VALUES ('c8d6c02c-b8a0-4264-a48b-5f6788605e09', '7a6e9e66-703a-43cb-8f8a-ed67610d1324', 'PENDING_PAYMENT', 'Av. Siempre Viva 742, Lima', '12345678', NULL, 15.0, 40.0, '2efe0618070b7c3604cf6c82ba3e1b21f9a7af1b1cc68b676377770a81d5db27', NULL, NULL, NULL, 's2n0oa_ghQXuoVPp89xM5_10fDx1JUnLAvfBQOPHZ3E', '2026-07-18T23:31:33.532351+00:00', NULL) ON CONFLICT DO NOTHING;
INSERT INTO "orders" ("id", "formato_unico_id", "status", "shipping_address", "dni_or_ruc", "document_type", "shipping_cost", "total_amount", "payment_preference_id", "payment_method", "cancellation_reason", "cancelled_by", "order_token", "created_at", "updated_at") VALUES ('f764d788-4c41-4680-8953-469732a953de', '86d7e9b7-0a82-461f-8f4d-377e349f6998', 'PENDING_PAYMENT', 'Av. Siempre Viva 742, Lima', '12345678', NULL, 15.0, 40.0, 'febccf9c6635f4db13cfdfdf1075d31830b9e225fe1e0c605913ca5cce88c2db', NULL, NULL, NULL, 'kUS-3e1PbieW5ufoNS77vDctIdged63rshoTBMTr0aA', '2026-07-18T23:38:44.723546+00:00', NULL) ON CONFLICT DO NOTHING;
INSERT INTO "orders" ("id", "formato_unico_id", "status", "shipping_address", "dni_or_ruc", "document_type", "shipping_cost", "total_amount", "payment_preference_id", "payment_method", "cancellation_reason", "cancelled_by", "order_token", "created_at", "updated_at") VALUES ('35eec22c-0d68-4d2e-bf0a-8a839142c86b', '92efe262-210e-471e-a8a5-d2cf07d168b5', 'PENDING_PAYMENT', 'Av. Siempre Viva 742, Lima', '12345678', NULL, 15.0, 40.0, '09c954cecc7cbf8150f1cf4f2ef433392fee3075c3896a2d8ef4bf59be59bf24', NULL, NULL, NULL, 'jKCAWg-By7O-ye22dPYMjKni2JGiTZLQEAappbckLSo', '2026-07-19T00:17:13.878190+00:00', NULL) ON CONFLICT DO NOTHING;
INSERT INTO "orders" ("id", "formato_unico_id", "status", "shipping_address", "dni_or_ruc", "document_type", "shipping_cost", "total_amount", "payment_preference_id", "payment_method", "cancellation_reason", "cancelled_by", "order_token", "created_at", "updated_at") VALUES ('90cf8ef9-042a-4510-870f-970b8de0e4cb', 'a0e366ea-7dc5-4b4c-a1d9-36e671e4a4a1', 'PENDING_PAYMENT', 'Av. Siempre Viva 742, Lima', '12345678', NULL, 15.0, 40.0, '6b6ab9c6835f49fb74c44912a0e42099ac31055d6596368d06c59b702029f1d3', NULL, NULL, NULL, 'MOWrhkOteR-MojZoPkX58CcE-9Qd6lsMJksxBLX6DQE', '2026-07-19T00:21:47.998452+00:00', NULL) ON CONFLICT DO NOTHING;
INSERT INTO "orders" ("id", "formato_unico_id", "status", "shipping_address", "dni_or_ruc", "document_type", "shipping_cost", "total_amount", "payment_preference_id", "payment_method", "cancellation_reason", "cancelled_by", "order_token", "created_at", "updated_at") VALUES ('4135eb99-187e-485d-a410-ef966f9b8206', '42d4bfcb-effc-4a12-ac4f-58019a55f24d', 'PENDING_PAYMENT', 'Av. Siempre Viva 742, Lima', '12345678', NULL, 15.0, 40.0, 'e74b0407dd4c6df1a85efcdedbf76fdcc8e510f95139b8800750fcefb7edae36', NULL, NULL, NULL, 'id3z-4v8xUd72TRmc7hwr3Y1QjJ9RDZbNb7oRULaHS8', '2026-07-19T00:31:00.314946+00:00', NULL) ON CONFLICT DO NOTHING;
INSERT INTO "orders" ("id", "formato_unico_id", "status", "shipping_address", "dni_or_ruc", "document_type", "shipping_cost", "total_amount", "payment_preference_id", "payment_method", "cancellation_reason", "cancelled_by", "order_token", "created_at", "updated_at") VALUES ('6891f743-f089-4968-b339-a06d21730890', '1f46f7ac-34af-4dbb-b5a4-bfadcdb5f772', 'PENDING_PAYMENT', 'Jr. Huanta 456, Ayacucho', '77889900', NULL, 15.0, 40.0, '316a7f334cf435eb946da2b93fc59c118eaed73a4254fa84e5cff7676b5e24ad', NULL, NULL, NULL, 'GYWZm7dBaUdHLFc69eZoXKSS48kJlkwfwZI49gFdj9c', '2026-07-19T00:52:55.238594+00:00', NULL) ON CONFLICT DO NOTHING;
INSERT INTO "orders" ("id", "formato_unico_id", "status", "shipping_address", "dni_or_ruc", "document_type", "shipping_cost", "total_amount", "payment_preference_id", "payment_method", "cancellation_reason", "cancelled_by", "order_token", "created_at", "updated_at") VALUES ('87dffebd-07ef-4e6c-92c9-a3883fac119b', '058c720b-a87c-4483-95d5-e279b2028f94', 'PENDING_PAYMENT', 'Av. Siempre Viva 742, Lima', '12345678', NULL, 15.0, 40.0, '6f4e9bc0a4b1bf10d088f6d279745de84157f9958b7a58f56d8d8b1a095c3dae', NULL, NULL, NULL, '307VmSFJ35OnN0CIr2--wyEadO8SmLdIvtm6cBwAKxA', '2026-07-19T00:54:31.640158+00:00', NULL) ON CONFLICT DO NOTHING;
INSERT INTO "orders" ("id", "formato_unico_id", "status", "shipping_address", "dni_or_ruc", "document_type", "shipping_cost", "total_amount", "payment_preference_id", "payment_method", "cancellation_reason", "cancelled_by", "order_token", "created_at", "updated_at") VALUES ('5e2f6af0-7fe5-4c38-bf62-897ea9de6cc7', '8486f82b-73b9-472f-93f4-0d59132b8f1b', 'PENDING_PAYMENT', 'Jr. Huanta 456, Ayacucho', '77889900', NULL, 15.0, 15.0, 'ace14ce79dd8b01e8d3e807536ab0f9f25871bd70dd34292b865c546e0d07a83', NULL, NULL, NULL, '3LzZJu7wiEbjIj1NCk6-skuUpC5_4uxCIaAEJQ6ZvS4', '2026-07-19T00:54:54.886479+00:00', NULL) ON CONFLICT DO NOTHING;
INSERT INTO "orders" ("id", "formato_unico_id", "status", "shipping_address", "dni_or_ruc", "document_type", "shipping_cost", "total_amount", "payment_preference_id", "payment_method", "cancellation_reason", "cancelled_by", "order_token", "created_at", "updated_at") VALUES ('761e4271-af16-4cb4-a227-bc354d13e332', '9800db81-35a9-4ecc-9657-8f5555c1916b', 'PENDING_PAYMENT', 'Jr. Huanta 456, Ayacucho', '77889900', NULL, 15.0, 65.0, '3efc382ccc64d39acc21164fd29c7b0fdb89b6b9008ace629dbc54ef295d8335', NULL, NULL, NULL, '3CoKfQ0V4S5rzJsqGY-e9inYaE7HbvLc5PAz8eztOpo', '2026-07-19T01:02:54.580596+00:00', NULL) ON CONFLICT DO NOTHING;
INSERT INTO "orders" ("id", "formato_unico_id", "status", "shipping_address", "dni_or_ruc", "document_type", "shipping_cost", "total_amount", "payment_preference_id", "payment_method", "cancellation_reason", "cancelled_by", "order_token", "created_at", "updated_at") VALUES ('6296d284-0a48-4210-9373-ff7865772afd', '9cd84671-6a05-4717-b2c9-571b853a90a6', 'PENDING_PAYMENT', 'Av. Siempre Viva 742, Lima', '12345678', NULL, 15.0, 40.0, '59bbf779d0fb1243c8dec87d7acc0378902236aa6e280c538f6a5bc83441d774', NULL, NULL, NULL, 'RMEvS8yytNbHjNiC77y-Y4GJYgwP5aon9cX2MLOAD1k', '2026-07-19T03:59:11.708011+00:00', NULL) ON CONFLICT DO NOTHING;
INSERT INTO "orders" ("id", "formato_unico_id", "status", "shipping_address", "dni_or_ruc", "document_type", "shipping_cost", "total_amount", "payment_preference_id", "payment_method", "cancellation_reason", "cancelled_by", "order_token", "created_at", "updated_at") VALUES ('b4701c8b-20b7-4026-8877-8c4a4d49e31d', '80d10141-dd02-46d1-be9c-255af3043186', 'PENDING_PAYMENT', 'Jr. Huanta 456, Ayacucho', '77889900', NULL, 15.0, 15.0, 'a3ec63b8a5e8c0c9209ebcf4730d269b595f215ac15a8a9273cf27412102036b', NULL, NULL, NULL, 'lhabIZKyrdYqNWDC-A14ppCsoR6PT3cxEmZVR77HnRc', '2026-07-19T03:59:39.856112+00:00', NULL) ON CONFLICT DO NOTHING;
INSERT INTO "orders" ("id", "formato_unico_id", "status", "shipping_address", "dni_or_ruc", "document_type", "shipping_cost", "total_amount", "payment_preference_id", "payment_method", "cancellation_reason", "cancelled_by", "order_token", "created_at", "updated_at") VALUES ('74c0117e-977d-41db-8fde-f6756bfbb38c', 'f3805305-4ad4-41be-ad9b-59cd373d992f', 'PENDING_PAYMENT', 'Jr. Huanta 456, Ayacucho', '77889900', NULL, 15.0, 65.0, '0c94dabfcad7ef3c85014a55ee26b53890b20dab7ce075c7133f50e8ca53b8aa', NULL, NULL, NULL, 'EcDdqBAnBhqqkYKRilAuL4gidlj1-mf5ocwqTI9NaqM', '2026-07-19T05:26:41.787437+00:00', NULL) ON CONFLICT DO NOTHING;
INSERT INTO "orders" ("id", "formato_unico_id", "status", "shipping_address", "dni_or_ruc", "document_type", "shipping_cost", "total_amount", "payment_preference_id", "payment_method", "cancellation_reason", "cancelled_by", "order_token", "created_at", "updated_at") VALUES ('73d942ff-535b-4eed-9887-b1ca379cac54', '2df5d895-52bc-4431-a64a-4c408a61a0cf', 'PENDING_PAYMENT', 'Av. Siempre Viva 123, Lima', '20123456789', NULL, 15.0, 11262.5, '2c8c0f2600daf1891032eeefdba81d96f247e88db00243d314fea7195a83d3fa', NULL, NULL, NULL, 's4K1fGme2rY1p0xVwXcZHdkgcWmYrLtYb2TL02f1xvw', '2026-07-20T11:34:06.537154+00:00', NULL) ON CONFLICT DO NOTHING;
ALTER TABLE "orders" ENABLE TRIGGER ALL;

-- Tabla: refresh_tokens (109 registros)
ALTER TABLE "refresh_tokens" DISABLE TRIGGER ALL;
INSERT INTO "refresh_tokens" ("id", "user_id", "token_hash", "expires_at", "created_at", "revoked_at") VALUES ('d7b7257d-d18d-4982-b9da-223489ad3af3', '686abd3b-9c5b-4645-a914-84ed697606ef', '4c46e3334fd5f34fbb5db8e10d6daa2e2247fa3f4458db45c0514c7a55375933', '2026-08-11T00:16:06.688261+00:00', '2026-07-12T00:17:52.642981+00:00', NULL) ON CONFLICT DO NOTHING;
INSERT INTO "refresh_tokens" ("id", "user_id", "token_hash", "expires_at", "created_at", "revoked_at") VALUES ('2af71257-2966-4aef-bab0-4fbe77a67fa7', '686abd3b-9c5b-4645-a914-84ed697606ef', '67eba94713b8a311e923176c726233f7f0c52b6a35ea5efd4c53a422a7ca5424', '2026-08-11T00:17:48.615896+00:00', '2026-07-12T00:19:34.470693+00:00', NULL) ON CONFLICT DO NOTHING;
INSERT INTO "refresh_tokens" ("id", "user_id", "token_hash", "expires_at", "created_at", "revoked_at") VALUES ('fdf86b9d-3d04-493c-b3ba-c5fb0d7de3b2', '686abd3b-9c5b-4645-a914-84ed697606ef', '17902949663171bdf002fd125e306e984f7978d2a1cdfa646642991f1f228d13', '2026-08-11T00:19:21.241252+00:00', '2026-07-12T00:21:07.197904+00:00', '2026-07-12T00:19:22.536470+00:00') ON CONFLICT DO NOTHING;
INSERT INTO "refresh_tokens" ("id", "user_id", "token_hash", "expires_at", "created_at", "revoked_at") VALUES ('f2cd1a18-718e-4f60-9467-2ceb8bbe8ba2', '686abd3b-9c5b-4645-a914-84ed697606ef', '723727886ae93fa29c69fa125bf8133d9db0f560fd15560b208cc087b0b5f1d3', '2026-08-11T00:19:23.040030+00:00', '2026-07-12T00:21:09.007329+00:00', '2026-07-12T00:19:39.949591+00:00') ON CONFLICT DO NOTHING;
INSERT INTO "refresh_tokens" ("id", "user_id", "token_hash", "expires_at", "created_at", "revoked_at") VALUES ('a2f67aee-1a47-4089-957d-a0ce004ad43c', '686abd3b-9c5b-4645-a914-84ed697606ef', '409e1276a3bbea1b33915747f0cb2f94ed043433059dfe64ae02df6f597ba31f', '2026-08-11T00:19:40.563010+00:00', '2026-07-12T00:21:26.471830+00:00', NULL) ON CONFLICT DO NOTHING;
INSERT INTO "refresh_tokens" ("id", "user_id", "token_hash", "expires_at", "created_at", "revoked_at") VALUES ('fdd1949d-d974-4f3e-9797-2dde0f572aa7', '686abd3b-9c5b-4645-a914-84ed697606ef', 'db96f389fea1b64dde4dcf98727f4fe0c36cd9b6413de72a460fcb4fe521d57c', '2026-08-11T00:08:25.355169+00:00', '2026-07-12T00:10:11.313151+00:00', '2026-07-12T00:20:06.144426+00:00') ON CONFLICT DO NOTHING;
INSERT INTO "refresh_tokens" ("id", "user_id", "token_hash", "expires_at", "created_at", "revoked_at") VALUES ('98725911-a42f-4ab9-abe2-e1818f5b0046', '8da37c04-d796-40c7-9140-4e7787b1d1d6', 'd2d5660a576a206df9438bb5d9e489a72658bdcd5a77ed4b9fa57c6f7f4923ae', '2026-08-11T00:57:53.543520+00:00', '2026-07-12T00:59:39.481948+00:00', '2026-07-12T01:58:31.067440+00:00') ON CONFLICT DO NOTHING;
INSERT INTO "refresh_tokens" ("id", "user_id", "token_hash", "expires_at", "created_at", "revoked_at") VALUES ('afbf17ba-cf4b-4d56-a656-87d17b2dc91b', '8da37c04-d796-40c7-9140-4e7787b1d1d6', '65d3f50d3eb22c90349a6913529757e3e93515e247dae0808ea0e24d9e5fcba2', '2026-08-11T01:58:31.732395+00:00', '2026-07-12T02:00:17.690318+00:00', '2026-07-12T02:59:30.945453+00:00') ON CONFLICT DO NOTHING;
INSERT INTO "refresh_tokens" ("id", "user_id", "token_hash", "expires_at", "created_at", "revoked_at") VALUES ('5c4434c9-515a-4f41-b287-7f8d3839b717', '8da37c04-d796-40c7-9140-4e7787b1d1d6', '474dd783f9cb125d9cfde7e94d76f5d243a9d422fa11bd33ca53a9b47992e61a', '2026-08-11T02:59:31.484647+00:00', '2026-07-12T03:01:17.439268+00:00', '2026-07-12T04:00:30.907699+00:00') ON CONFLICT DO NOTHING;
INSERT INTO "refresh_tokens" ("id", "user_id", "token_hash", "expires_at", "created_at", "revoked_at") VALUES ('8782f9e3-2495-4f19-90fa-de1631f12b64', '8da37c04-d796-40c7-9140-4e7787b1d1d6', '67db37f959f93a2f3afbdf1e705ededb0b46c37031329a8a0e38543339dbc93a', '2026-08-11T04:00:31.427938+00:00', '2026-07-12T04:02:17.376862+00:00', '2026-07-12T05:01:31.108812+00:00') ON CONFLICT DO NOTHING;
INSERT INTO "refresh_tokens" ("id", "user_id", "token_hash", "expires_at", "created_at", "revoked_at") VALUES ('921fc614-5342-4cbc-8d1c-0f615dbf7eac', 'e9e7505a-55f2-4d0a-9f75-ab1ef294c4ca', '067a4d319fbb309f3ad42b5c2e5fddd50148aecf573270ae03a420ed974d593c', '2026-08-11T04:10:05.362248+00:00', '2026-07-12T04:11:51.322084+00:00', '2026-07-12T05:10:30.914942+00:00') ON CONFLICT DO NOTHING;
INSERT INTO "refresh_tokens" ("id", "user_id", "token_hash", "expires_at", "created_at", "revoked_at") VALUES ('c59337fa-c38e-4dbc-8f13-634cb85ce750', '686abd3b-9c5b-4645-a914-84ed697606ef', '55c199630d4621c71d1f449dac807331e737da0fec716a362545a75e5fc14471', '2026-08-11T00:20:06.695812+00:00', '2026-07-12T00:21:52.669570+00:00', '2026-07-12T05:20:10.654265+00:00') ON CONFLICT DO NOTHING;
INSERT INTO "refresh_tokens" ("id", "user_id", "token_hash", "expires_at", "created_at", "revoked_at") VALUES ('d577ead2-280d-4142-96a4-c2bd530f0805', 'e9e7505a-55f2-4d0a-9f75-ab1ef294c4ca', '37a7c23325c39ef9ea97ad484171bdfa186c8efc588de6b98f791dee732f8098', '2026-08-11T05:10:31.441734+00:00', '2026-07-12T05:12:17.390075+00:00', '2026-07-12T05:44:26.230887+00:00') ON CONFLICT DO NOTHING;
INSERT INTO "refresh_tokens" ("id", "user_id", "token_hash", "expires_at", "created_at", "revoked_at") VALUES ('a6b393dd-4cb2-4ecd-b07b-9327deb670c4', '8da37c04-d796-40c7-9140-4e7787b1d1d6', 'cb1dfbfb567a47bcf73cf12552ae32de584ae6823c0506f29d3f5a23536874b4', '2026-08-11T05:01:31.709445+00:00', '2026-07-12T05:03:17.654273+00:00', '2026-07-12T06:02:30.997164+00:00') ON CONFLICT DO NOTHING;
INSERT INTO "refresh_tokens" ("id", "user_id", "token_hash", "expires_at", "created_at", "revoked_at") VALUES ('d71cf4a8-128e-4912-b89e-0b90b3edd6b4', '686abd3b-9c5b-4645-a914-84ed697606ef', 'ec829026fe167a1d9f38db22d200ad473da89de0a828353503d6d7700d8a4c7c', '2026-08-11T05:20:11.196079+00:00', '2026-07-12T05:21:57.136448+00:00', '2026-07-12T06:20:32.758148+00:00') ON CONFLICT DO NOTHING;
INSERT INTO "refresh_tokens" ("id", "user_id", "token_hash", "expires_at", "created_at", "revoked_at") VALUES ('31678f4c-d167-462a-b426-73ea293fbd78', '8da37c04-d796-40c7-9140-4e7787b1d1d6', 'cf3afa4207ace0e69cf7387a9f1d41b41127440fe19fe72277a116e0e08a6e29', '2026-08-11T05:44:52.634218+00:00', '2026-07-12T05:46:38.586546+00:00', '2026-07-12T06:21:06.712600+00:00') ON CONFLICT DO NOTHING;
INSERT INTO "refresh_tokens" ("id", "user_id", "token_hash", "expires_at", "created_at", "revoked_at") VALUES ('bbcaa23f-3224-436a-8e06-113374907f87', '8da37c04-d796-40c7-9140-4e7787b1d1d6', '5e2a5b7e689a6dbb054214bcf0bfc173d80752245cca3617a37e0c5e0d427d59', '2026-08-11T06:21:22.397124+00:00', '2026-07-12T06:23:08.327439+00:00', NULL) ON CONFLICT DO NOTHING;
INSERT INTO "refresh_tokens" ("id", "user_id", "token_hash", "expires_at", "created_at", "revoked_at") VALUES ('4873d790-eabc-4fac-aae1-68d02e66a2c4', '686abd3b-9c5b-4645-a914-84ed697606ef', '693cc3a88e00efac1479e118b2832476a7c169467769d277ab8d77994ec9318e', '2026-08-11T06:20:33.276277+00:00', '2026-07-12T06:22:19.226101+00:00', '2026-07-12T07:20:40.907601+00:00') ON CONFLICT DO NOTHING;
INSERT INTO "refresh_tokens" ("id", "user_id", "token_hash", "expires_at", "created_at", "revoked_at") VALUES ('9e77b2f6-97d8-4c9e-8d16-2cb38d49b48d', 'e9e7505a-55f2-4d0a-9f75-ab1ef294c4ca', '5060e513cbb346732d2f0aff3a04737168e3aa74cd15a74654bec57bd2b389c4', '2026-08-11T06:51:43.249988+00:00', '2026-07-12T06:53:29.146075+00:00', '2026-07-12T10:09:08.228070+00:00') ON CONFLICT DO NOTHING;
INSERT INTO "refresh_tokens" ("id", "user_id", "token_hash", "expires_at", "created_at", "revoked_at") VALUES ('34eeee0a-7405-4dad-b382-904eb2823b6e', '8da37c04-d796-40c7-9140-4e7787b1d1d6', 'db414365dbaf05b6e624de2ec0825dd14f08f158ccbd0043f704dda316fdc056', '2026-08-11T06:02:31.560802+00:00', '2026-07-12T06:04:17.509340+00:00', '2026-07-12T10:58:16.899219+00:00') ON CONFLICT DO NOTHING;
INSERT INTO "refresh_tokens" ("id", "user_id", "token_hash", "expires_at", "created_at", "revoked_at") VALUES ('a2357cbc-2830-40d0-b51a-dec82fd815d8', '8da37c04-d796-40c7-9140-4e7787b1d1d6', 'e3d60e9c4d68ca9ba5a9f90150fa2ecb654c6c4496da96c88f922e7e0dadde9f', '2026-08-11T10:58:17.453704+00:00', '2026-07-12T11:00:03.167480+00:00', '2026-07-12T17:55:09.799910+00:00') ON CONFLICT DO NOTHING;
INSERT INTO "refresh_tokens" ("id", "user_id", "token_hash", "expires_at", "created_at", "revoked_at") VALUES ('722dc8ad-86ba-4d17-949c-d6166a6d32b6', 'e9e7505a-55f2-4d0a-9f75-ab1ef294c4ca', 'fedae2506a346fafd72312b876a12e95870f634ee2f07bd3ef8da5740efc6359', '2026-08-11T10:09:09.675950+00:00', '2026-07-12T10:10:55.423622+00:00', '2026-07-12T17:55:09.790226+00:00') ON CONFLICT DO NOTHING;
INSERT INTO "refresh_tokens" ("id", "user_id", "token_hash", "expires_at", "created_at", "revoked_at") VALUES ('5084d4dd-3289-4ba3-a1e6-2e384cc9d1a2', '8da37c04-d796-40c7-9140-4e7787b1d1d6', 'c8631f6f59587d7e72339dcd2a1efbf195870d087f4f4ee4e2e5a5c3e0a0c9f5', '2026-08-11T17:55:12.190501+00:00', '2026-07-12T17:56:58.158910+00:00', '2026-07-12T21:15:56.506984+00:00') ON CONFLICT DO NOTHING;
INSERT INTO "refresh_tokens" ("id", "user_id", "token_hash", "expires_at", "created_at", "revoked_at") VALUES ('7d446d55-06c6-42c1-8290-477eb9846574', 'e9e7505a-55f2-4d0a-9f75-ab1ef294c4ca', '9e8f8819e68548d160b05d834b7c902edded100d2a19a2caccf8d34d3f60dead', '2026-08-11T17:55:12.187383+00:00', '2026-07-12T17:56:58.158598+00:00', '2026-07-12T21:25:16.507513+00:00') ON CONFLICT DO NOTHING;
INSERT INTO "refresh_tokens" ("id", "user_id", "token_hash", "expires_at", "created_at", "revoked_at") VALUES ('22b05e37-cc73-4dc2-9da9-33badc89a8bc', '8da37c04-d796-40c7-9140-4e7787b1d1d6', 'ac174bb4fc599c247864b8d655d446ef22bf4f36a2436d1644c5b1b3235e87c1', '2026-08-11T22:16:15.654562+00:00', '2026-07-12T22:18:02.235435+00:00', '2026-07-12T23:18:03.998444+00:00') ON CONFLICT DO NOTHING;
INSERT INTO "refresh_tokens" ("id", "user_id", "token_hash", "expires_at", "created_at", "revoked_at") VALUES ('fff7975f-ec19-46e7-89ab-b573a27eabf5', 'e9e7505a-55f2-4d0a-9f75-ab1ef294c4ca', '0565f69af3feadf20e8f14f52887b9ddd555b11e7326968d304a8cb74d4ef2c3', '2026-08-11T21:25:17.950728+00:00', '2026-07-12T21:27:04.544295+00:00', '2026-07-12T21:50:49.050681+00:00') ON CONFLICT DO NOTHING;
INSERT INTO "refresh_tokens" ("id", "user_id", "token_hash", "expires_at", "created_at", "revoked_at") VALUES ('7904015b-9a7d-4721-958d-5e57bab3cfad', '8da37c04-d796-40c7-9140-4e7787b1d1d6', '7574a707311bc7a190b6eceb28a3160cf918ef32ac6937beb41708d6e398e2ed', '2026-08-11T21:15:57.838648+00:00', '2026-07-12T21:17:44.423115+00:00', '2026-07-12T22:16:15.123874+00:00') ON CONFLICT DO NOTHING;
INSERT INTO "refresh_tokens" ("id", "user_id", "token_hash", "expires_at", "created_at", "revoked_at") VALUES ('317536f8-7c14-4543-809b-be280be83561', '8da37c04-d796-40c7-9140-4e7787b1d1d6', 'a32c9cf57a1fc668950a444ee8b59c0fe4ddeb7547ec2bf19b0452b819d91e8b', '2026-08-11T22:05:39.278705+00:00', '2026-07-12T22:07:25.828881+00:00', '2026-07-12T23:05:57.387562+00:00') ON CONFLICT DO NOTHING;
INSERT INTO "refresh_tokens" ("id", "user_id", "token_hash", "expires_at", "created_at", "revoked_at") VALUES ('13bf5509-e015-4017-9a4f-4d36d897da64', '686abd3b-9c5b-4645-a914-84ed697606ef', '6d5d159c63edf5c8eb2d74ac49f1dc454e63311c357b997d684be4971eac5462', '2026-08-11T07:20:41.415712+00:00', '2026-07-12T07:22:27.373692+00:00', '2026-07-12T23:21:54.046541+00:00') ON CONFLICT DO NOTHING;
INSERT INTO "refresh_tokens" ("id", "user_id", "token_hash", "expires_at", "created_at", "revoked_at") VALUES ('9cdc7f70-63f3-4cb8-bb9e-ffb5af40eff2', '686abd3b-9c5b-4645-a914-84ed697606ef', '261f8403ea5614bcb52b5d68793b3cc6118ad6b50f7502b033733907fdcc3ee5', '2026-08-11T23:21:54.570921+00:00', '2026-07-12T23:23:41.147596+00:00', NULL) ON CONFLICT DO NOTHING;
INSERT INTO "refresh_tokens" ("id", "user_id", "token_hash", "expires_at", "created_at", "revoked_at") VALUES ('660cd2da-20b6-47b8-b858-ce2406997330', '8da37c04-d796-40c7-9140-4e7787b1d1d6', '17460d7a8532977ac698553bbbf6b993f758b4eb069f48cdf109a3d5a0f58986', '2026-08-11T23:05:59.079438+00:00', '2026-07-12T23:07:45.422872+00:00', '2026-07-13T00:06:58.036368+00:00') ON CONFLICT DO NOTHING;
INSERT INTO "refresh_tokens" ("id", "user_id", "token_hash", "expires_at", "created_at", "revoked_at") VALUES ('66175f10-0101-4b25-b2c2-90246959ba04', '8da37c04-d796-40c7-9140-4e7787b1d1d6', '5cceb9f594646384cc5584536f2e34143333ee1bf886d9b84500ad4e6bc7f262', '2026-08-12T00:06:58.554773+00:00', '2026-07-13T00:08:45.130484+00:00', NULL) ON CONFLICT DO NOTHING;
INSERT INTO "refresh_tokens" ("id", "user_id", "token_hash", "expires_at", "created_at", "revoked_at") VALUES ('b33278a5-4117-4430-8fcc-c8e9ebeaefc3', '8da37c04-d796-40c7-9140-4e7787b1d1d6', 'e05c0e0fcaff931edcdde977a107984c95be36fdf2641b345426b7ef5fc9ddbe', '2026-08-11T23:18:04.587930+00:00', '2026-07-12T23:19:51.168929+00:00', '2026-07-13T00:18:55.628192+00:00') ON CONFLICT DO NOTHING;
INSERT INTO "refresh_tokens" ("id", "user_id", "token_hash", "expires_at", "created_at", "revoked_at") VALUES ('9cdcdcc7-9d5d-45f2-9003-5a2e7203d597', '8da37c04-d796-40c7-9140-4e7787b1d1d6', 'e6030a46ac27442c864131b54cff83d0335131f05d2c3252b9fd0c31035588de', '2026-08-12T00:18:56.137352+00:00', '2026-07-13T00:20:42.713771+00:00', '2026-07-13T01:19:57.952742+00:00') ON CONFLICT DO NOTHING;
INSERT INTO "refresh_tokens" ("id", "user_id", "token_hash", "expires_at", "created_at", "revoked_at") VALUES ('bdb6b92c-fad7-44a4-b818-be70dfe358fd', 'e9e7505a-55f2-4d0a-9f75-ab1ef294c4ca', 'c39573136490f61375e2260667e5366cfaab6ff17a4c30eddb51446a0236ece4', '2026-08-12T00:25:50.772074+00:00', '2026-07-13T00:27:37.341511+00:00', '2026-07-13T01:29:03.243196+00:00') ON CONFLICT DO NOTHING;
INSERT INTO "refresh_tokens" ("id", "user_id", "token_hash", "expires_at", "created_at", "revoked_at") VALUES ('7ff9bdb6-c6f7-4bf3-9509-1cfef0abb7d3', '8da37c04-d796-40c7-9140-4e7787b1d1d6', 'd4f6d54367562f946c35d270e6e220f74dba5bc3b22f24d0d95b53fe37d7dec3', '2026-08-12T01:19:58.480164+00:00', '2026-07-13T01:21:45.044859+00:00', '2026-07-13T02:20:55.569732+00:00') ON CONFLICT DO NOTHING;
INSERT INTO "refresh_tokens" ("id", "user_id", "token_hash", "expires_at", "created_at", "revoked_at") VALUES ('07744a13-2bbd-4392-bbfc-d8e834a9c5a9', 'e9e7505a-55f2-4d0a-9f75-ab1ef294c4ca', 'e8e701bfe6f5b03076bcce8d0cce3007518abe5712c8a60138c9c98726df3176', '2026-08-12T02:52:58.398373+00:00', '2026-07-13T02:54:44.966118+00:00', NULL) ON CONFLICT DO NOTHING;
INSERT INTO "refresh_tokens" ("id", "user_id", "token_hash", "expires_at", "created_at", "revoked_at") VALUES ('4bac9a19-ff0b-4349-bcc2-c7ba55a10be4', 'e9e7505a-55f2-4d0a-9f75-ab1ef294c4ca', '4a015d6be579836ba4cfafc87efe80f28885d852983f14130e3bc10eed9b342d', '2026-08-12T01:29:03.933056+00:00', '2026-07-13T01:30:50.441649+00:00', '2026-07-13T02:52:57.009600+00:00') ON CONFLICT DO NOTHING;
INSERT INTO "refresh_tokens" ("id", "user_id", "token_hash", "expires_at", "created_at", "revoked_at") VALUES ('870dd289-1039-4a40-8268-cd1d81a86bc1', 'e9e7505a-55f2-4d0a-9f75-ab1ef294c4ca', 'f6b5b6ffc7cf697cedbba88b0adbf1c7adf40d44e4b70c9ec751505fe5bd2c47', '2026-08-12T02:52:58.474591+00:00', '2026-07-13T02:54:45.048383+00:00', '2026-07-13T10:31:48.539675+00:00') ON CONFLICT DO NOTHING;
INSERT INTO "refresh_tokens" ("id", "user_id", "token_hash", "expires_at", "created_at", "revoked_at") VALUES ('c2f20e9b-6739-4c4e-993a-e4c48f04249e', '8da37c04-d796-40c7-9140-4e7787b1d1d6', '8db046b29492af0c1a280fa8082a4bcac862c941d78fa68f5e742efcdac71a86', '2026-08-12T02:20:56.172611+00:00', '2026-07-13T02:22:42.712578+00:00', '2026-07-15T19:28:50.845694+00:00') ON CONFLICT DO NOTHING;
INSERT INTO "refresh_tokens" ("id", "user_id", "token_hash", "expires_at", "created_at", "revoked_at") VALUES ('6d95052c-0da0-4449-a4ae-7e568fc776fa', 'e9e7505a-55f2-4d0a-9f75-ab1ef294c4ca', 'f027b5bb119f969ab8b9f93f673dd02a12bc7f8b38ea745c5e6f27d4eef90f3e', '2026-08-12T10:31:49.064864+00:00', '2026-07-13T10:33:35.861524+00:00', '2026-07-13T11:44:36.928744+00:00') ON CONFLICT DO NOTHING;
INSERT INTO "refresh_tokens" ("id", "user_id", "token_hash", "expires_at", "created_at", "revoked_at") VALUES ('72783c14-5e47-460f-8ddd-4eb54cc5d7be', '8da37c04-d796-40c7-9140-4e7787b1d1d6', 'aa497ce7bf2f34ba688f545b29d71772eedb338c1d67da8dd833695cdf5ec0c0', '2026-08-14T19:28:51.374591+00:00', '2026-07-15T19:28:50.830131+00:00', '2026-07-15T20:31:27.444505+00:00') ON CONFLICT DO NOTHING;
INSERT INTO "refresh_tokens" ("id", "user_id", "token_hash", "expires_at", "created_at", "revoked_at") VALUES ('a6f06941-505d-43b6-b449-6074437cbc25', '8da37c04-d796-40c7-9140-4e7787b1d1d6', '31a3bf7127ccca05a85e8865259baaeb39dccc38970412a59ce2901620a9444a', '2026-08-14T20:31:33.533975+00:00', '2026-07-15T20:31:32.845110+00:00', '2026-07-15T21:31:57.097916+00:00') ON CONFLICT DO NOTHING;
INSERT INTO "refresh_tokens" ("id", "user_id", "token_hash", "expires_at", "created_at", "revoked_at") VALUES ('368445c9-85ff-4837-8a53-8b5b1f30e140', '8da37c04-d796-40c7-9140-4e7787b1d1d6', '566f57e05eadcc0706c92b49ea1c36db7f00877806c58a69b38ee1b8d19a1189', '2026-08-14T21:31:57.627075+00:00', '2026-07-15T21:31:57.073256+00:00', '2026-07-15T21:46:08.699273+00:00') ON CONFLICT DO NOTHING;
INSERT INTO "refresh_tokens" ("id", "user_id", "token_hash", "expires_at", "created_at", "revoked_at") VALUES ('66916be4-5d4d-4587-a0f6-1a8aaf6048b8', 'd3c15cd0-f823-4f5e-94a1-8cc87bf3024f', '06fa89704b7f2ef8af1d6f717b43d4e7cfdf322022adf5c92f12bf6581834359', '2026-08-14T21:46:20.952148+00:00', '2026-07-15T21:46:20.411112+00:00', '2026-07-15T21:46:27.761496+00:00') ON CONFLICT DO NOTHING;
INSERT INTO "refresh_tokens" ("id", "user_id", "token_hash", "expires_at", "created_at", "revoked_at") VALUES ('39bfae63-60ce-436b-80b0-1a2c4b3b7da0', 'ac5ddeab-1056-440a-bea9-338325f60ae5', '9fb0850c4eda0a44e87b623544438bae92bfb305ab82aa15d5a01287b7b4ada2', '2026-08-14T22:16:48.612819+00:00', '2026-07-15T22:16:48.017627+00:00', '2026-07-15T22:16:59.319034+00:00') ON CONFLICT DO NOTHING;
INSERT INTO "refresh_tokens" ("id", "user_id", "token_hash", "expires_at", "created_at", "revoked_at") VALUES ('25a33d39-98d6-408b-aec8-a0446b9ff23c', 'ac5ddeab-1056-440a-bea9-338325f60ae5', '69c6f4fabd372de7b9c374e3cdfdf70b0bae18eec0b66df07f0497c51a071ed9', '2026-08-14T22:17:10.137687+00:00', '2026-07-15T22:17:09.602831+00:00', '2026-07-15T22:28:33.670138+00:00') ON CONFLICT DO NOTHING;
INSERT INTO "refresh_tokens" ("id", "user_id", "token_hash", "expires_at", "created_at", "revoked_at") VALUES ('57074403-5796-4d4a-84fd-d4fa19d74430', 'ac5ddeab-1056-440a-bea9-338325f60ae5', '81243c7c8404096d742a1423d4b7fe7fa92ed70dcc3fd048653ba3e36d147289', '2026-08-14T22:28:45.901181+00:00', '2026-07-15T22:28:45.363939+00:00', '2026-07-15T23:28:24.790891+00:00') ON CONFLICT DO NOTHING;
INSERT INTO "refresh_tokens" ("id", "user_id", "token_hash", "expires_at", "created_at", "revoked_at") VALUES ('2ef27ca7-9acc-4f8a-8308-536034f56120', '8da37c04-d796-40c7-9140-4e7787b1d1d6', '806b42ca0aa7a539344fa3cd1b6ea81649ea103ecf444ae2f240fff3ebc37e2f', '2026-08-14T23:37:42.907896+00:00', '2026-07-15T23:37:42.369616+00:00', '2026-07-16T00:06:53.177215+00:00') ON CONFLICT DO NOTHING;
INSERT INTO "refresh_tokens" ("id", "user_id", "token_hash", "expires_at", "created_at", "revoked_at") VALUES ('fbe679bd-d04e-4f3c-94b0-6c63bbde8cb5', '8da37c04-d796-40c7-9140-4e7787b1d1d6', 'e7160514aa158a933ba72229581e0d98e65e94ec72ed6dee92742fb61876e4d0', '2026-08-15T00:07:11.546051+00:00', '2026-07-16T00:07:11.021131+00:00', '2026-07-16T00:09:05.479165+00:00') ON CONFLICT DO NOTHING;
INSERT INTO "refresh_tokens" ("id", "user_id", "token_hash", "expires_at", "created_at", "revoked_at") VALUES ('2a702e0c-a16d-46cb-9a7b-60e9ad947220', '8da37c04-d796-40c7-9140-4e7787b1d1d6', '1e49ec49b8735870f1439c6340e0f048854040a94817edc232f3f80a6cc36262', '2026-08-15T00:09:14.933634+00:00', '2026-07-16T00:09:14.406918+00:00', NULL) ON CONFLICT DO NOTHING;
INSERT INTO "refresh_tokens" ("id", "user_id", "token_hash", "expires_at", "created_at", "revoked_at") VALUES ('9841a44e-3397-4bf1-be24-a3a692f5dfdf', 'ac5ddeab-1056-440a-bea9-338325f60ae5', 'bd21b6f53d7489c9e7b9ddf0ca9ecdfcac623b65424ab33bc7dcd19df23a4a6c', '2026-08-14T23:28:43.397131+00:00', '2026-07-15T23:28:42.868245+00:00', '2026-07-16T00:11:42.375117+00:00') ON CONFLICT DO NOTHING;
INSERT INTO "refresh_tokens" ("id", "user_id", "token_hash", "expires_at", "created_at", "revoked_at") VALUES ('df030e44-ab9c-45b9-bb46-814a9b143c53', 'e3c1e51a-5a44-498a-b733-6b00f8451183', 'ead9df12b027afd553f898388e6f05366211fcffc0a6f73459b4ad3a2bec5773', '2026-08-15T00:11:54.381983+00:00', '2026-07-16T00:11:53.859479+00:00', '2026-07-16T01:11:57.477533+00:00') ON CONFLICT DO NOTHING;
INSERT INTO "refresh_tokens" ("id", "user_id", "token_hash", "expires_at", "created_at", "revoked_at") VALUES ('2fa0c362-9d5c-4e3d-98ca-ceed78383961', 'e3c1e51a-5a44-498a-b733-6b00f8451183', 'd6715fb9ae3928f608ce19e0b16889b0c90fddde4167a5d18d038763adcfb430', '2026-08-15T01:11:58.013409+00:00', '2026-07-16T01:11:57.491716+00:00', '2026-07-16T02:12:57.151828+00:00') ON CONFLICT DO NOTHING;
INSERT INTO "refresh_tokens" ("id", "user_id", "token_hash", "expires_at", "created_at", "revoked_at") VALUES ('fae72e5f-b655-44b5-a0a2-85fa870077d2', 'e3c1e51a-5a44-498a-b733-6b00f8451183', '98b8678f7a06bffce477500c9201bddcf99dad50e3d41304b8605381c2d00817', '2026-08-15T02:12:57.833147+00:00', '2026-07-16T02:12:57.186523+00:00', '2026-07-16T03:13:57.434537+00:00') ON CONFLICT DO NOTHING;
INSERT INTO "refresh_tokens" ("id", "user_id", "token_hash", "expires_at", "created_at", "revoked_at") VALUES ('3812c242-b7bc-4a9e-a675-925b3d3dcc10', 'e3c1e51a-5a44-498a-b733-6b00f8451183', '23917c65c0245fb90b4024a228560aa357b4edba337cadd541d0276636922b9a', '2026-08-15T03:13:57.976271+00:00', '2026-07-16T03:13:57.464004+00:00', '2026-07-16T04:14:12.781230+00:00') ON CONFLICT DO NOTHING;
INSERT INTO "refresh_tokens" ("id", "user_id", "token_hash", "expires_at", "created_at", "revoked_at") VALUES ('7f59e5e8-4574-4f72-b4ea-7ce4de08a076', 'e3c1e51a-5a44-498a-b733-6b00f8451183', '10f35cd615c0bbb501c6be3cf13574e0b13d74d9a2ab09ce26411b7a6a65b094', '2026-08-15T04:14:13.431767+00:00', '2026-07-16T04:14:12.886102+00:00', '2026-07-16T05:20:12.659136+00:00') ON CONFLICT DO NOTHING;
INSERT INTO "refresh_tokens" ("id", "user_id", "token_hash", "expires_at", "created_at", "revoked_at") VALUES ('58d4f5dc-7a9f-4f58-8df9-f2b89f4e50ff', 'e3c1e51a-5a44-498a-b733-6b00f8451183', '67b55447d4f4f4472f664efdf96632810078555229e46da89aa18abb5f36b8ed', '2026-08-15T05:20:14.144493+00:00', '2026-07-16T05:20:13.627461+00:00', '2026-07-16T07:28:35.112982+00:00') ON CONFLICT DO NOTHING;
INSERT INTO "refresh_tokens" ("id", "user_id", "token_hash", "expires_at", "created_at", "revoked_at") VALUES ('ca3d5a93-708e-4532-948d-e7923bdd4747', '8da37c04-d796-40c7-9140-4e7787b1d1d6', '4cb4bfbe87cc817ba1fb764a2b3c90b5f70dc2c899dc2b885b621d878a7e8afa', '2026-08-15T19:20:32.279719+00:00', '2026-07-16T19:20:32.209270+00:00', '2026-07-16T19:36:27.263659+00:00') ON CONFLICT DO NOTHING;
INSERT INTO "refresh_tokens" ("id", "user_id", "token_hash", "expires_at", "created_at", "revoked_at") VALUES ('141ee2a0-4f05-4c6c-9133-17218a0dd627', '8da37c04-d796-40c7-9140-4e7787b1d1d6', '968b5887bbde6e925e44346bfb2cfb8009e8a2e493fe11b6abd27e7a45a3ff29', '2026-08-15T19:36:38.707102+00:00', '2026-07-16T19:36:38.664265+00:00', '2026-07-16T20:37:22.496806+00:00') ON CONFLICT DO NOTHING;
INSERT INTO "refresh_tokens" ("id", "user_id", "token_hash", "expires_at", "created_at", "revoked_at") VALUES ('5f4bb115-1b8a-4470-a683-083b9b65782d', '8da37c04-d796-40c7-9140-4e7787b1d1d6', '67adabdf33bd931d49c2d0116f5000e2e1a4ccdcc582210100411f5ad1e5438d', '2026-08-15T20:37:22.653673+00:00', '2026-07-16T20:37:22.602271+00:00', '2026-07-16T23:16:09.467384+00:00') ON CONFLICT DO NOTHING;
INSERT INTO "refresh_tokens" ("id", "user_id", "token_hash", "expires_at", "created_at", "revoked_at") VALUES ('6bf2ebbd-3b9d-4254-9cb2-8d94d0ebedd6', '8da37c04-d796-40c7-9140-4e7787b1d1d6', '7fcc7866ce6fd5dd5ff9a88a7e2e0399fd59e8af661ef2aa4793ffe859d2fc6d', '2026-08-15T23:16:09.604817+00:00', '2026-07-16T23:16:09.562250+00:00', '2026-07-16T23:16:10.283986+00:00') ON CONFLICT DO NOTHING;
INSERT INTO "refresh_tokens" ("id", "user_id", "token_hash", "expires_at", "created_at", "revoked_at") VALUES ('ba7631fa-58b4-405f-ab74-765555bc57c8', 'e9e7505a-55f2-4d0a-9f75-ab1ef294c4ca', '423b85dffeff0499da591aeb8122756a131d4c958849a9fade04bbd48a660cec', '2026-08-15T20:08:27.474595+00:00', '2026-07-16T20:08:27.417518+00:00', '2026-07-16T23:18:28.492987+00:00') ON CONFLICT DO NOTHING;
INSERT INTO "refresh_tokens" ("id", "user_id", "token_hash", "expires_at", "created_at", "revoked_at") VALUES ('929bedd8-1cc6-4026-9ed2-60f2d3713b80', '686abd3b-9c5b-4645-a914-84ed697606ef', 'd2686994c73bdd1a3a6399b38ba0f73b287ccb99598caa0c6663502da99baa18', '2026-08-15T20:17:44.655989+00:00', '2026-07-16T20:17:44.614645+00:00', '2026-07-16T23:57:52.071634+00:00') ON CONFLICT DO NOTHING;
INSERT INTO "refresh_tokens" ("id", "user_id", "token_hash", "expires_at", "created_at", "revoked_at") VALUES ('a6dd26a7-fcba-4b0c-885b-dcee0286fb0f', 'e9e7505a-55f2-4d0a-9f75-ab1ef294c4ca', '651590c86b9262c82c62dd0d292895448113c6d565438fe8559e1288877845b0', '2026-08-16T00:52:59.197774+00:00', '2026-07-17T00:52:59.392412+00:00', NULL) ON CONFLICT DO NOTHING;
INSERT INTO "refresh_tokens" ("id", "user_id", "token_hash", "expires_at", "created_at", "revoked_at") VALUES ('0374d34b-d9f1-45ba-a381-cc09609b7964', '686abd3b-9c5b-4645-a914-84ed697606ef', '4e2e1dc35251d7c4327b17bb40605e031e03d54f2e531bb1fce1610632292b91', '2026-08-15T23:57:52.226244+00:00', '2026-07-16T23:57:52.177154+00:00', '2026-07-17T16:41:26.948704+00:00') ON CONFLICT DO NOTHING;
INSERT INTO "refresh_tokens" ("id", "user_id", "token_hash", "expires_at", "created_at", "revoked_at") VALUES ('69272e54-6404-4873-a8b4-32073d9770bd', '686abd3b-9c5b-4645-a914-84ed697606ef', 'd1bbe7d9e73dc52d74b1a60357c8cb23a6ada6a19ceb94fb63e0775111944553', '2026-08-16T16:41:27.091007+00:00', '2026-07-17T16:41:27.045860+00:00', '2026-07-17T16:42:26.156800+00:00') ON CONFLICT DO NOTHING;
INSERT INTO "refresh_tokens" ("id", "user_id", "token_hash", "expires_at", "created_at", "revoked_at") VALUES ('a3eb939f-9865-4144-bde6-803b964513f0', 'e9e7505a-55f2-4d0a-9f75-ab1ef294c4ca', '21d20677093def905e6fa26c650e8b8462453611b88042abfbf735c06a93a324', '2026-08-15T23:18:28.654018+00:00', '2026-07-16T23:18:28.598544+00:00', '2026-07-17T16:42:43.914666+00:00') ON CONFLICT DO NOTHING;
INSERT INTO "refresh_tokens" ("id", "user_id", "token_hash", "expires_at", "created_at", "revoked_at") VALUES ('fafb696d-fc33-4bbf-8505-4ca28e9902ac', 'e9e7505a-55f2-4d0a-9f75-ab1ef294c4ca', '76f09448741ba3d8b6114928bf93b7de2ba8ce0e3f5da2c0bd3f08a778c0e010', '2026-08-16T16:42:44.047316+00:00', '2026-07-17T16:42:44.001642+00:00', NULL) ON CONFLICT DO NOTHING;
INSERT INTO "refresh_tokens" ("id", "user_id", "token_hash", "expires_at", "created_at", "revoked_at") VALUES ('9ec95e23-ffc8-4483-ad57-878b881f38f8', '8da37c04-d796-40c7-9140-4e7787b1d1d6', '9d17c62ebc6caff3ffe9193238b566db6db36accaa46ce7359c7891cf32aff03', '2026-08-15T23:16:10.410480+00:00', '2026-07-16T23:16:10.368091+00:00', '2026-07-17T16:47:15.801116+00:00') ON CONFLICT DO NOTHING;
INSERT INTO "refresh_tokens" ("id", "user_id", "token_hash", "expires_at", "created_at", "revoked_at") VALUES ('c22431ed-c2f5-4bd0-b3d3-d48c93add62b', '8da37c04-d796-40c7-9140-4e7787b1d1d6', '7a3a50abc6dbf103080378075bcca494f145262b7f21fc06b185f55860e44fcc', '2026-08-16T16:47:15.914568+00:00', '2026-07-17T16:47:15.878750+00:00', NULL) ON CONFLICT DO NOTHING;
INSERT INTO "refresh_tokens" ("id", "user_id", "token_hash", "expires_at", "created_at", "revoked_at") VALUES ('97959c8b-2867-41dc-bf97-3d8ac2e09e46', '8da37c04-d796-40c7-9140-4e7787b1d1d6', '46014006653db2c3bcc29764c275bdc4649470ff23fccc88005c87338ab804da', '2026-08-16T16:47:24.687384+00:00', '2026-07-17T16:47:24.652803+00:00', '2026-07-18T00:38:21.778871+00:00') ON CONFLICT DO NOTHING;
INSERT INTO "refresh_tokens" ("id", "user_id", "token_hash", "expires_at", "created_at", "revoked_at") VALUES ('4834b0e8-d35c-4e13-8223-344e50461183', 'e9e7505a-55f2-4d0a-9f75-ab1ef294c4ca', 'f0b2bc58bc135e9c61c9d8dac73f10c05d0c30984e992b9bbefe2814a3c6f9a8', '2026-08-12T11:44:38.567655+00:00', '2026-07-13T11:46:25.331401+00:00', '2026-07-18T02:21:59.933131+00:00') ON CONFLICT DO NOTHING;
INSERT INTO "refresh_tokens" ("id", "user_id", "token_hash", "expires_at", "created_at", "revoked_at") VALUES ('f50735b6-01e5-4971-938e-c4cbbfb22928', 'e9e7505a-55f2-4d0a-9f75-ab1ef294c4ca', '80ae05f42f4de3fb63e5b787d77300169a01a7d18fd294e0ff1a21d50ded8392', '2026-08-17T02:22:01.193418+00:00', '2026-07-18T02:22:01.340658+00:00', NULL) ON CONFLICT DO NOTHING;
INSERT INTO "refresh_tokens" ("id", "user_id", "token_hash", "expires_at", "created_at", "revoked_at") VALUES ('edf2da13-6685-4141-8ff6-c33dbddbe70d', 'e9e7505a-55f2-4d0a-9f75-ab1ef294c4ca', '6ae9a8cf7fa03267eff380d17fd1c99bf383883ce1bba13c45afbe5b96bf7ff9', '2026-08-18T00:14:01.327705+00:00', '2026-07-19T00:14:00.142703+00:00', NULL) ON CONFLICT DO NOTHING;
INSERT INTO "refresh_tokens" ("id", "user_id", "token_hash", "expires_at", "created_at", "revoked_at") VALUES ('41799a55-0a51-475a-b3ed-dd3662fe4008', 'e9e7505a-55f2-4d0a-9f75-ab1ef294c4ca', '002662383f280348ea706a99d9d2a116b73f4053e8b37c2f589dcb3f4586eef3', '2026-08-18T00:15:00.686290+00:00', '2026-07-19T00:14:59.969989+00:00', NULL) ON CONFLICT DO NOTHING;
INSERT INTO "refresh_tokens" ("id", "user_id", "token_hash", "expires_at", "created_at", "revoked_at") VALUES ('105d00dd-09a8-4ede-8df6-e3a4c46f22ca', 'e9e7505a-55f2-4d0a-9f75-ab1ef294c4ca', 'fd816fc15abdc703a235236c19d7b5d67abfe155769a4556e39f2489ed2cacb9', '2026-08-18T00:18:53.909077+00:00', '2026-07-19T00:18:53.113136+00:00', NULL) ON CONFLICT DO NOTHING;
INSERT INTO "refresh_tokens" ("id", "user_id", "token_hash", "expires_at", "created_at", "revoked_at") VALUES ('c2c6d0ce-0f8e-434f-b4f1-543a815c92ec', 'e9e7505a-55f2-4d0a-9f75-ab1ef294c4ca', '3285beaa033a39ea3ffcf17cff77c124e4c83657e31e96b108459785446477f8', '2026-08-18T00:20:19.733780+00:00', '2026-07-19T00:20:19.023038+00:00', NULL) ON CONFLICT DO NOTHING;
INSERT INTO "refresh_tokens" ("id", "user_id", "token_hash", "expires_at", "created_at", "revoked_at") VALUES ('ac2e5aeb-ef36-48cd-8cdb-500475a97260', 'e9e7505a-55f2-4d0a-9f75-ab1ef294c4ca', '83fc732dd30009b0ba6a4462e82e5054b30247387213f29932d15e647935fa80', '2026-08-18T00:24:19.316812+00:00', '2026-07-19T00:24:18.351624+00:00', NULL) ON CONFLICT DO NOTHING;
INSERT INTO "refresh_tokens" ("id", "user_id", "token_hash", "expires_at", "created_at", "revoked_at") VALUES ('795ac59d-8300-41ba-8ff4-0cb2eea3be11', 'e9e7505a-55f2-4d0a-9f75-ab1ef294c4ca', '9ce9dff992098ed77816f203c2f9800c44bb79a60181a93e8ca0ab694bf0f90b', '2026-08-18T00:26:56.104121+00:00', '2026-07-19T00:26:55.021751+00:00', NULL) ON CONFLICT DO NOTHING;
INSERT INTO "refresh_tokens" ("id", "user_id", "token_hash", "expires_at", "created_at", "revoked_at") VALUES ('c0a03506-b2d6-463a-bf40-7b617a7e1cde', 'e9e7505a-55f2-4d0a-9f75-ab1ef294c4ca', 'b34680d59fcda401dec97273f424c548ec292596792efe85e92e374d38fd77eb', '2026-08-18T00:28:04.359775+00:00', '2026-07-19T00:28:03.524520+00:00', NULL) ON CONFLICT DO NOTHING;
INSERT INTO "refresh_tokens" ("id", "user_id", "token_hash", "expires_at", "created_at", "revoked_at") VALUES ('913f7a5a-7048-4a83-88b4-3b122a703c8a', 'e9e7505a-55f2-4d0a-9f75-ab1ef294c4ca', '86375d6cb2d7878487e9f0fc0e8601a596ea64c93e897188fbe2a78e2ed16883', '2026-08-18T00:29:14.734777+00:00', '2026-07-19T00:29:13.909445+00:00', NULL) ON CONFLICT DO NOTHING;
INSERT INTO "refresh_tokens" ("id", "user_id", "token_hash", "expires_at", "created_at", "revoked_at") VALUES ('e7c33659-5195-4c21-a831-16a0ea8b1e09', 'e9e7505a-55f2-4d0a-9f75-ab1ef294c4ca', '23fba16f84c79f17ed37e5a913ffa0e6bc6b76842a055b1b5ab6f07b79215fb6', '2026-08-18T00:30:04.849072+00:00', '2026-07-19T00:30:04.025791+00:00', NULL) ON CONFLICT DO NOTHING;
INSERT INTO "refresh_tokens" ("id", "user_id", "token_hash", "expires_at", "created_at", "revoked_at") VALUES ('c89959b5-a4f8-44c2-91a9-5e5664323a0a', '5ae722b3-8a82-4406-a94f-d9303ef538d0', '41f1bb7e6c3b0ddd19ea9fcb2d876106513d27efd043173ccef835fa0163ac71', '2026-08-18T00:52:29.500204+00:00', '2026-07-19T00:52:28.365273+00:00', NULL) ON CONFLICT DO NOTHING;
INSERT INTO "refresh_tokens" ("id", "user_id", "token_hash", "expires_at", "created_at", "revoked_at") VALUES ('237e981e-8b0b-424e-81d4-3a11a958bc42', 'e9e7505a-55f2-4d0a-9f75-ab1ef294c4ca', 'cb31709c534bd8bc08cb4757c341043864b6118e0838195cc5bf2db02b9b9a73', '2026-08-18T00:53:17.805419+00:00', '2026-07-19T00:53:16.982722+00:00', NULL) ON CONFLICT DO NOTHING;
INSERT INTO "refresh_tokens" ("id", "user_id", "token_hash", "expires_at", "created_at", "revoked_at") VALUES ('11ddef74-aa04-4b6f-94a2-0e4abfad266b', 'e9e7505a-55f2-4d0a-9f75-ab1ef294c4ca', 'debd6427d98bb8fd256469165fda1519d047ee016fdb4792c7d87a50509b40a9', '2026-08-18T00:53:53.806880+00:00', '2026-07-19T00:53:52.990152+00:00', NULL) ON CONFLICT DO NOTHING;
INSERT INTO "refresh_tokens" ("id", "user_id", "token_hash", "expires_at", "created_at", "revoked_at") VALUES ('9ea71138-3916-4e52-b796-a9f72272aea6', '5ae722b3-8a82-4406-a94f-d9303ef538d0', '28ec0b0980eaf1de06ef4e6497cfe735a382f4fd6e797ef9db08f6be594c5db4', '2026-08-18T00:54:38.956357+00:00', '2026-07-19T00:54:38.138527+00:00', NULL) ON CONFLICT DO NOTHING;
INSERT INTO "refresh_tokens" ("id", "user_id", "token_hash", "expires_at", "created_at", "revoked_at") VALUES ('090d64df-4026-4154-aae0-6136131f506f', '5ae722b3-8a82-4406-a94f-d9303ef538d0', 'b643766257239f342b16b3cad1e56f0480cd66ee483d68d8f51b636dfc1c7286', '2026-08-18T01:02:38.937351+00:00', '2026-07-19T01:02:38.088438+00:00', NULL) ON CONFLICT DO NOTHING;
INSERT INTO "refresh_tokens" ("id", "user_id", "token_hash", "expires_at", "created_at", "revoked_at") VALUES ('e7d7896e-2000-4a97-be7e-a8aef46edd5d', 'e9e7505a-55f2-4d0a-9f75-ab1ef294c4ca', '90764b6b73eb708cfb4d62ea46a3f14aa18231c7aebed7421214e6b03e52fd1e', '2026-08-18T02:37:46.047291+00:00', '2026-07-19T02:37:45.340468+00:00', NULL) ON CONFLICT DO NOTHING;
INSERT INTO "refresh_tokens" ("id", "user_id", "token_hash", "expires_at", "created_at", "revoked_at") VALUES ('50bc1ac9-ef14-460f-811a-c9dfc61bace0', 'e9e7505a-55f2-4d0a-9f75-ab1ef294c4ca', '86f77e4a5462c542ecc6cca5b296eaf75c9bc5e91ac451ae80067c02eb0ade56', '2026-08-18T02:47:57.257118+00:00', '2026-07-19T02:47:56.311730+00:00', NULL) ON CONFLICT DO NOTHING;
INSERT INTO "refresh_tokens" ("id", "user_id", "token_hash", "expires_at", "created_at", "revoked_at") VALUES ('0e6694d0-d373-483b-9450-5df66d03073e', 'e9e7505a-55f2-4d0a-9f75-ab1ef294c4ca', '0c29770a2c97eb93209f9be45c35ec54c424340cac87ff3779e4a86f337c80f9', '2026-08-18T02:50:22.618377+00:00', '2026-07-19T02:50:21.796328+00:00', NULL) ON CONFLICT DO NOTHING;
INSERT INTO "refresh_tokens" ("id", "user_id", "token_hash", "expires_at", "created_at", "revoked_at") VALUES ('a0a94156-002f-4edb-be52-cc5d78c54b68', 'e9e7505a-55f2-4d0a-9f75-ab1ef294c4ca', 'fca893eb758969a1461457b18bced48b73d696cf583090bdab70becaf5e99125', '2026-08-18T02:51:33.451729+00:00', '2026-07-19T02:51:32.637601+00:00', NULL) ON CONFLICT DO NOTHING;
INSERT INTO "refresh_tokens" ("id", "user_id", "token_hash", "expires_at", "created_at", "revoked_at") VALUES ('5d23f22e-3ce1-43a0-b6ca-503f85fa1687', '8da37c04-d796-40c7-9140-4e7787b1d1d6', '622902ab5cf5efa047c0dbdc9cef4a465fb59f7e996fd3cd1d4cec2d30232580', '2026-08-17T00:38:21.924147+00:00', '2026-07-18T00:38:21.876525+00:00', '2026-07-19T17:56:32.003163+00:00') ON CONFLICT DO NOTHING;
INSERT INTO "refresh_tokens" ("id", "user_id", "token_hash", "expires_at", "created_at", "revoked_at") VALUES ('8af01993-b4dd-4d13-b096-08fc6eb3f7bc', 'e9e7505a-55f2-4d0a-9f75-ab1ef294c4ca', '01e12ac355a36281a952e7799ac0c29d157dca7515931fbdfef55e173a1ec6c5', '2026-08-18T02:53:13.267052+00:00', '2026-07-19T02:53:12.418935+00:00', NULL) ON CONFLICT DO NOTHING;
INSERT INTO "refresh_tokens" ("id", "user_id", "token_hash", "expires_at", "created_at", "revoked_at") VALUES ('af1c6faf-002d-47b5-802c-56f35e71c1d9', 'e9e7505a-55f2-4d0a-9f75-ab1ef294c4ca', '5de197ee0e912e278dccd16c45ded1f4219674f0ec5060f6f5d1b8f4021c84bd', '2026-08-18T03:58:07.256271+00:00', '2026-07-19T03:58:06.558819+00:00', NULL) ON CONFLICT DO NOTHING;
INSERT INTO "refresh_tokens" ("id", "user_id", "token_hash", "expires_at", "created_at", "revoked_at") VALUES ('52c79177-d15a-4c1e-87fe-4673ea2cd9a6', 'e9e7505a-55f2-4d0a-9f75-ab1ef294c4ca', '0db141f12ea58f3fe841a449435fc5963b04872d3d9ae7b528b80841d17e4bc8', '2026-08-18T03:58:34.098361+00:00', '2026-07-19T03:58:33.284004+00:00', NULL) ON CONFLICT DO NOTHING;
INSERT INTO "refresh_tokens" ("id", "user_id", "token_hash", "expires_at", "created_at", "revoked_at") VALUES ('0457a771-1ae2-49fe-925e-1e5e6274f307', '5ae722b3-8a82-4406-a94f-d9303ef538d0', '18dffb09604ec1f037b92d886a06a736af96d219d5ca9d51e15153519de8afe8', '2026-08-18T03:59:25.648552+00:00', '2026-07-19T03:59:24.701899+00:00', NULL) ON CONFLICT DO NOTHING;
INSERT INTO "refresh_tokens" ("id", "user_id", "token_hash", "expires_at", "created_at", "revoked_at") VALUES ('8ba0f8b1-4969-4247-94cb-af8be3ac0227', '5ae722b3-8a82-4406-a94f-d9303ef538d0', '4f8205e6146d582b62a7f82f4227edcf185ab79da1f74acdcc3342ff3fda5fe8', '2026-08-18T05:24:11.378678+00:00', '2026-07-19T05:24:10.553340+00:00', '2026-07-19T05:24:27.335044+00:00') ON CONFLICT DO NOTHING;
INSERT INTO "refresh_tokens" ("id", "user_id", "token_hash", "expires_at", "created_at", "revoked_at") VALUES ('83a5365f-a5d1-4df6-8915-614668fab1eb', '5ae722b3-8a82-4406-a94f-d9303ef538d0', '4b84c2fbcc43613363084572c70c6f746de567d247a44bd402c7f6b5224a9dc8', '2026-08-18T05:26:26.272930+00:00', '2026-07-19T05:26:25.449478+00:00', NULL) ON CONFLICT DO NOTHING;
INSERT INTO "refresh_tokens" ("id", "user_id", "token_hash", "expires_at", "created_at", "revoked_at") VALUES ('34c03045-8f93-4bb4-ac66-c7a39f5d3db1', '8da37c04-d796-40c7-9140-4e7787b1d1d6', '0e76eb5f80c920ad1f4d9742db69526e0c7a7c6586b3bf886531b09488096e7e', '2026-08-18T17:56:32.142089+00:00', '2026-07-19T17:56:32.093102+00:00', '2026-07-19T17:57:01.593285+00:00') ON CONFLICT DO NOTHING;
INSERT INTO "refresh_tokens" ("id", "user_id", "token_hash", "expires_at", "created_at", "revoked_at") VALUES ('4e9acf6f-73f0-4d29-a02b-8e3b6febc48f', '8da37c04-d796-40c7-9140-4e7787b1d1d6', 'e7b1ff36c8d4aa345f03f7530074fc97ec885cea4a17323438cf2569ba5ffbb7', '2026-08-18T23:14:32.124000+00:00', '2026-07-19T23:14:32.068249+00:00', '2026-07-20T00:14:56.223526+00:00') ON CONFLICT DO NOTHING;
INSERT INTO "refresh_tokens" ("id", "user_id", "token_hash", "expires_at", "created_at", "revoked_at") VALUES ('ee593c5d-167b-473b-b403-1c805a060c1f', '8da37c04-d796-40c7-9140-4e7787b1d1d6', 'afd315b92537f5b212577784a6befe475d0635bf6c6a2814dee5967d49b65284', '2026-08-19T00:14:56.398070+00:00', '2026-07-20T00:14:56.344624+00:00', '2026-07-20T01:15:56.177864+00:00') ON CONFLICT DO NOTHING;
INSERT INTO "refresh_tokens" ("id", "user_id", "token_hash", "expires_at", "created_at", "revoked_at") VALUES ('874ab9d9-fce4-44e5-8423-52f02df9d28c', '8da37c04-d796-40c7-9140-4e7787b1d1d6', '98db5215cb9975e89d691b03bcf8a9067c02241abb9b7af7e4dc59b5009545b2', '2026-08-19T01:15:56.328474+00:00', '2026-07-20T01:15:56.277067+00:00', '2026-07-20T02:36:04.802942+00:00') ON CONFLICT DO NOTHING;
INSERT INTO "refresh_tokens" ("id", "user_id", "token_hash", "expires_at", "created_at", "revoked_at") VALUES ('21a1399b-5ef7-4baa-ba52-d9099a8e8085', '8da37c04-d796-40c7-9140-4e7787b1d1d6', 'd82fdbaec436ab605d04a2630c9cd972052b06a2c750c291222b76ea4c9c9d54', '2026-08-19T02:36:04.941797+00:00', '2026-07-20T02:36:04.894622+00:00', '2026-07-20T05:16:53.140724+00:00') ON CONFLICT DO NOTHING;
INSERT INTO "refresh_tokens" ("id", "user_id", "token_hash", "expires_at", "created_at", "revoked_at") VALUES ('cc1a112f-e3d3-4b1f-ad2a-344c5dc7132b', '8da37c04-d796-40c7-9140-4e7787b1d1d6', '73bd6dfe2cd9f01642d9187691f678305fc2cd1024f9c193811af280ba0b77c7', '2026-08-19T05:16:53.298578+00:00', '2026-07-20T05:16:53.246893+00:00', '2026-07-20T08:59:45.848567+00:00') ON CONFLICT DO NOTHING;
INSERT INTO "refresh_tokens" ("id", "user_id", "token_hash", "expires_at", "created_at", "revoked_at") VALUES ('fb984bac-d798-4796-ab8e-4b0b5891ec9f', '8da37c04-d796-40c7-9140-4e7787b1d1d6', '87a6fa3a84dd1fce20340eca56bbbe0a922595da92eaf9c7609b5c9b758dc7ac', '2026-08-19T08:59:45.988895+00:00', '2026-07-20T08:59:45.943855+00:00', '2026-07-20T10:19:32.774698+00:00') ON CONFLICT DO NOTHING;
INSERT INTO "refresh_tokens" ("id", "user_id", "token_hash", "expires_at", "created_at", "revoked_at") VALUES ('d2aab830-7131-4bbb-bf90-f300246745c4', '8da37c04-d796-40c7-9140-4e7787b1d1d6', 'a1db837aa1ea3664eb4c0513b932c137d6ce2a24b13ffcc8905de8af58875a05', '2026-08-19T10:19:32.907284+00:00', '2026-07-20T10:19:32.862760+00:00', NULL) ON CONFLICT DO NOTHING;
INSERT INTO "refresh_tokens" ("id", "user_id", "token_hash", "expires_at", "created_at", "revoked_at") VALUES ('e4ffe3da-b192-4be0-b6da-dad113ab6cd9', '8da37c04-d796-40c7-9140-4e7787b1d1d6', '83855019576da8dd6c084748525f75e080b8d47d6c5caac97a9d29fd3781c0cb', '2026-08-19T10:19:42.625798+00:00', '2026-07-20T10:19:42.581389+00:00', '2026-07-20T11:20:37.929426+00:00') ON CONFLICT DO NOTHING;
INSERT INTO "refresh_tokens" ("id", "user_id", "token_hash", "expires_at", "created_at", "revoked_at") VALUES ('d6990a69-ad46-40d5-a023-d25e24362d96', '8da37c04-d796-40c7-9140-4e7787b1d1d6', 'e1d7e704859af760860bd3a1c5d8feb828a60a0f0288c1b574edb0fa7246f1a3', '2026-08-19T11:20:38.044224+00:00', '2026-07-20T11:20:38.000613+00:00', NULL) ON CONFLICT DO NOTHING;
ALTER TABLE "refresh_tokens" ENABLE TRIGGER ALL;

-- Tabla: products (9 registros)
ALTER TABLE "products" DISABLE TRIGGER ALL;
INSERT INTO "products" ("id", "name", "slug", "category", "brand", "description", "price_public", "stock", "reserved_stock", "is_active", "is_featured", "created_at", "image_url", "specs", "image_gallery", "sku", "stock_visible_mode", "category_id") VALUES ('3dba463f-699f-4316-b7b0-81570a4c3d91', 'Conector RJ45 (Pack 100)', 'conector-rj45-100', 'Accesorios', 'Generico', NULL, '25.00', 200, 0, True, False, '2026-07-07T19:51:16.211689', 'https://images.unsplash.com/photo-1518770660439-4636190af475?auto=format&fit=crop&q=80&w=600', NULL, NULL, 'CON-RJ45-GEN', 'EXACT', NULL) ON CONFLICT DO NOTHING;
INSERT INTO "products" ("id", "name", "slug", "category", "brand", "description", "price_public", "stock", "reserved_stock", "is_active", "is_featured", "created_at", "image_url", "specs", "image_gallery", "sku", "stock_visible_mode", "category_id") VALUES ('71a9b895-254d-42ce-a57b-f458ec9d9c02', 'Antena Sectorial 5GHz', 'antena-sectorial-5ghz', 'Antenas', 'Ubiquiti', NULL, '420.00', 8, 0, True, True, '2026-07-07T19:51:16.205717', 'https://images.unsplash.com/photo-1562408590-e32931084e23?auto=format&fit=crop&q=80&w=600', NULL, NULL, 'ANT-SEC5-UBI', 'EXACT', NULL) ON CONFLICT DO NOTHING;
INSERT INTO "products" ("id", "name", "slug", "category", "brand", "description", "price_public", "stock", "reserved_stock", "is_active", "is_featured", "created_at", "image_url", "specs", "image_gallery", "sku", "stock_visible_mode", "category_id") VALUES ('996f67ff-466a-48d5-aa9e-e160b55e1ce3', 'Router Wi-Fi 6', 'router-wifi-6', 'Redes', 'TP-Link', NULL, '250.00', 50, 0, True, True, '2026-07-07T19:51:16.184625', 'https://images.unsplash.com/photo-1544197150-b99a580bb7a8?auto=format&fit=crop&q=80&w=600', NULL, NULL, 'RT-WIFI6-TPL', 'EXACT', NULL) ON CONFLICT DO NOTHING;
INSERT INTO "products" ("id", "name", "slug", "category", "brand", "description", "price_public", "stock", "reserved_stock", "is_active", "is_featured", "created_at", "image_url", "specs", "image_gallery", "sku", "stock_visible_mode", "category_id") VALUES ('ba45019f-d9ab-4dac-8602-45ac13d8c037', 'Cable Fibra Optica 10m', 'cable-fibra-10m', 'Cables', 'Cisco', NULL, '45.00', 100, 0, True, True, '2026-07-07T19:51:16.193897', 'https://images.unsplash.com/photo-1550751827-4bd374c3f58b?auto=format&fit=crop&q=80&w=600', NULL, NULL, 'FO-CAB10-CIS', 'EXACT', NULL) ON CONFLICT DO NOTHING;
INSERT INTO "products" ("id", "name", "slug", "category", "brand", "description", "price_public", "stock", "reserved_stock", "is_active", "is_featured", "created_at", "image_url", "specs", "image_gallery", "sku", "stock_visible_mode", "category_id") VALUES ('0721581e-ac05-40c0-86ef-4f7c251decd0', 'Switch Gigabit 24 Puertos', 'switch-gigabit-24', 'Redes', 'MikroTik', NULL, '850.00', 16, 0, True, True, '2026-07-07T19:51:16.204692', 'https://images.unsplash.com/photo-1558494949-ef010cbdcc31?auto=format&fit=crop&q=80&w=600', NULL, NULL, 'SW-GIG24-MIK', 'EXACT', NULL) ON CONFLICT DO NOTHING;
INSERT INTO "products" ("id", "name", "slug", "category", "brand", "description", "price_public", "stock", "reserved_stock", "is_active", "is_featured", "created_at", "image_url", "specs", "image_gallery", "sku", "stock_visible_mode", "category_id") VALUES ('4ec020cb-83ab-4f84-81bd-8e9ee89b6e10', 'Cable Fibra Optica E2E-1784420838084', 'sku-e2e-1784420838084', '', 'AllingBrand', '', '150.50', 50, 0, True, False, '2026-07-19T00:27:20.869162', NULL, NULL, NULL, 'SKU-E2E-1784420838084', 'EXACT', NULL) ON CONFLICT DO NOTHING;
INSERT INTO "products" ("id", "name", "slug", "category", "brand", "description", "price_public", "stock", "reserved_stock", "is_active", "is_featured", "created_at", "image_url", "specs", "image_gallery", "sku", "stock_visible_mode", "category_id") VALUES ('38659f87-075c-4a44-9558-4db91ebb3485', 'Cable Fibra Optica E2E-1784421014046', 'sku-e2e-1784421014046', '', 'AllingBrand', '', '150.50', 50, 0, True, False, '2026-07-19T00:30:15.718331', NULL, NULL, NULL, 'SKU-E2E-1784421014046', 'EXACT', NULL) ON CONFLICT DO NOTHING;
INSERT INTO "products" ("id", "name", "slug", "category", "brand", "description", "price_public", "stock", "reserved_stock", "is_active", "is_featured", "created_at", "image_url", "specs", "image_gallery", "sku", "stock_visible_mode", "category_id") VALUES ('1ec24ac8-9dd8-4f21-8330-2b7da910781c', 'Cable Fibra Optica E2E-1784422439379', 'sku-e2e-1784422439379', '', 'AllingBrand', '', '150.50', 50, 0, True, False, '2026-07-19T00:54:00.987970', NULL, NULL, NULL, 'SKU-E2E-1784422439379', 'EXACT', NULL) ON CONFLICT DO NOTHING;
INSERT INTO "products" ("id", "name", "slug", "category", "brand", "description", "price_public", "stock", "reserved_stock", "is_active", "is_featured", "created_at", "image_url", "specs", "image_gallery", "sku", "stock_visible_mode", "category_id") VALUES ('94774ee2-d24c-4734-b8b6-56a0e362938c', 'Cable Fibra Optica E2E-1784433518605', 'sku-e2e-1784433518605', '', 'AllingBrand', '', '150.50', 50, 0, True, False, '2026-07-19T03:58:40.002887', NULL, NULL, NULL, 'SKU-E2E-1784433518605', 'EXACT', NULL) ON CONFLICT DO NOTHING;
ALTER TABLE "products" ENABLE TRIGGER ALL;

-- Tabla: kits (15 registros)
ALTER TABLE "kits" DISABLE TRIGGER ALL;
INSERT INTO "kits" ("id", "name", "description", "image_url", "is_active", "created_at") VALUES ('08fa3aa2-5436-4d6e-bf7c-ce0b6fff9c41', 'Kit Instalación FTTH Básico', 'Todo lo necesario para una instalación residencial estándar GPON.', 'https://images.unsplash.com/photo-1544197150-b99a580bb7a8?q=80&w=2070&auto=format&fit=crop', True, '2026-07-07T22:35:57.964408') ON CONFLICT DO NOTHING;
INSERT INTO "kits" ("id", "name", "description", "image_url", "is_active", "created_at") VALUES ('99877d76-043d-4a18-90e0-e33b9a5bb25b', 'Kit NODO Principal', 'Equipamiento activo y accesorios para montar un nodo inicial.', 'https://images.unsplash.com/photo-1551703599-6b3e8379aa8b?q=80&w=2014&auto=format&fit=crop', True, '2026-07-07T22:35:57.965012') ON CONFLICT DO NOTHING;
INSERT INTO "kits" ("id", "name", "description", "image_url", "is_active", "created_at") VALUES ('383e74be-a3e0-4682-a923-5cdf7d1718d7', 'Kit "Feliz día del padre"', NULL, NULL, True, '2026-07-16T23:18:29.457651') ON CONFLICT DO NOTHING;
INSERT INTO "kits" ("id", "name", "description", "image_url", "is_active", "created_at") VALUES ('a2e8da15-b89f-48c1-91b0-42781be493a5', 'Kit E2E Fibra Pro', 'Kit de prueba E2E creado por el agente de pruebas', NULL, True, '2026-07-17T00:55:53.718259') ON CONFLICT DO NOTHING;
INSERT INTO "kits" ("id", "name", "description", "image_url", "is_active", "created_at") VALUES ('f2594edb-9b80-43a3-9a0c-35514f0a4d84', 'Kit FTTH E2E-1784420058954', 'Kit para instalaciones rápidas domiciliarias - Test E2E', NULL, True, '2026-07-19T00:14:20.904637') ON CONFLICT DO NOTHING;
INSERT INTO "kits" ("id", "name", "description", "image_url", "is_active", "created_at") VALUES ('96417ead-1249-427e-a78b-f162b10fd8f8', 'Kit FTTH E2E-1784420344574', 'Kit para instalaciones rápidas domiciliarias - Test E2E', NULL, True, '2026-07-19T00:19:06.654045') ON CONFLICT DO NOTHING;
INSERT INTO "kits" ("id", "name", "description", "image_url", "is_active", "created_at") VALUES ('287cb3c9-a105-4afb-9668-c54804a0bf06', 'Kit FTTH E2E-1784420895498', 'Kit para instalaciones rápidas domiciliarias - Test E2E', NULL, True, '2026-07-19T00:28:16.577003') ON CONFLICT DO NOTHING;
INSERT INTO "kits" ("id", "name", "description", "image_url", "is_active", "created_at") VALUES ('a6f5a5b3-06a4-44a0-ada3-70d6d46f2e46', 'Kit FTTH E2E-1784420967050', 'Kit para instalaciones rápidas domiciliarias - Test E2E', NULL, True, '2026-07-19T00:29:28.850201') ON CONFLICT DO NOTHING;
INSERT INTO "kits" ("id", "name", "description", "image_url", "is_active", "created_at") VALUES ('599e2ebb-d94c-44c7-b585-a12ccbc74b44', 'Kit FTTH E2E-1784422403973', 'Kit para instalaciones rápidas domiciliarias - Test E2E', NULL, True, '2026-07-19T00:53:24.800299') ON CONFLICT DO NOTHING;
INSERT INTO "kits" ("id", "name", "description", "image_url", "is_active", "created_at") VALUES ('70aa5cfa-ee7c-4b22-8b9c-80083fed4382', 'Kit FTTH E2E-1784428673032', 'Kit para instalaciones rápidas domiciliarias - Test E2E', NULL, True, '2026-07-19T02:37:54.046141') ON CONFLICT DO NOTHING;
INSERT INTO "kits" ("id", "name", "description", "image_url", "is_active", "created_at") VALUES ('e28b6bda-dfa4-4ce3-b4d5-e5c7f1479a06', 'Kit FTTH E2E-1784429286326', 'Kit para instalaciones rápidas domiciliarias - Test E2E', NULL, True, '2026-07-19T02:48:07.095764') ON CONFLICT DO NOTHING;
INSERT INTO "kits" ("id", "name", "description", "image_url", "is_active", "created_at") VALUES ('03e387e6-7820-4d08-ba55-32896d61c360', 'Kit FTTH E2E-1784429427733', 'Kit para instalaciones rápidas domiciliarias - Test E2E', NULL, True, '2026-07-19T02:50:28.463489') ON CONFLICT DO NOTHING;
INSERT INTO "kits" ("id", "name", "description", "image_url", "is_active", "created_at") VALUES ('6fcaf674-0131-40f3-b1c1-10e2f8d0c6c9', 'Kit FTTH E2E-1784429498796', 'Kit para instalaciones rápidas domiciliarias - Test E2E', NULL, True, '2026-07-19T02:51:39.519303') ON CONFLICT DO NOTHING;
INSERT INTO "kits" ("id", "name", "description", "image_url", "is_active", "created_at") VALUES ('273ffc09-753d-436c-a93e-51c9b3e37d4a', 'Kit FTTH E2E-1784429598744', 'Kit para instalaciones rápidas domiciliarias - Test E2E', NULL, True, '2026-07-19T02:53:19.461622') ON CONFLICT DO NOTHING;
INSERT INTO "kits" ("id", "name", "description", "image_url", "is_active", "created_at") VALUES ('aef1fd4d-0c64-4b4d-bf00-f383b281dfe2', 'Kit FTTH E2E-1784433493533', 'Kit para instalaciones rápidas domiciliarias - Test E2E', NULL, True, '2026-07-19T03:58:14.744806') ON CONFLICT DO NOTHING;
ALTER TABLE "kits" ENABLE TRIGGER ALL;

-- Tabla: kit_components (31 registros)
ALTER TABLE "kit_components" DISABLE TRIGGER ALL;
INSERT INTO "kit_components" ("kit_id", "product_id", "quantity") VALUES ('08fa3aa2-5436-4d6e-bf7c-ce0b6fff9c41', '996f67ff-466a-48d5-aa9e-e160b55e1ce3', 2) ON CONFLICT DO NOTHING;
INSERT INTO "kit_components" ("kit_id", "product_id", "quantity") VALUES ('08fa3aa2-5436-4d6e-bf7c-ce0b6fff9c41', 'ba45019f-d9ab-4dac-8602-45ac13d8c037', 1) ON CONFLICT DO NOTHING;
INSERT INTO "kit_components" ("kit_id", "product_id", "quantity") VALUES ('99877d76-043d-4a18-90e0-e33b9a5bb25b', '0721581e-ac05-40c0-86ef-4f7c251decd0', 5) ON CONFLICT DO NOTHING;
INSERT INTO "kit_components" ("kit_id", "product_id", "quantity") VALUES ('99877d76-043d-4a18-90e0-e33b9a5bb25b', '71a9b895-254d-42ce-a57b-f458ec9d9c02', 10) ON CONFLICT DO NOTHING;
INSERT INTO "kit_components" ("kit_id", "product_id", "quantity") VALUES ('383e74be-a3e0-4682-a923-5cdf7d1718d7', '3dba463f-699f-4316-b7b0-81570a4c3d91', 3) ON CONFLICT DO NOTHING;
INSERT INTO "kit_components" ("kit_id", "product_id", "quantity") VALUES ('383e74be-a3e0-4682-a923-5cdf7d1718d7', '996f67ff-466a-48d5-aa9e-e160b55e1ce3', 3) ON CONFLICT DO NOTHING;
INSERT INTO "kit_components" ("kit_id", "product_id", "quantity") VALUES ('383e74be-a3e0-4682-a923-5cdf7d1718d7', '71a9b895-254d-42ce-a57b-f458ec9d9c02', 1) ON CONFLICT DO NOTHING;
INSERT INTO "kit_components" ("kit_id", "product_id", "quantity") VALUES ('a2e8da15-b89f-48c1-91b0-42781be493a5', '996f67ff-466a-48d5-aa9e-e160b55e1ce3', 1) ON CONFLICT DO NOTHING;
INSERT INTO "kit_components" ("kit_id", "product_id", "quantity") VALUES ('a2e8da15-b89f-48c1-91b0-42781be493a5', 'ba45019f-d9ab-4dac-8602-45ac13d8c037', 1) ON CONFLICT DO NOTHING;
INSERT INTO "kit_components" ("kit_id", "product_id", "quantity") VALUES ('f2594edb-9b80-43a3-9a0c-35514f0a4d84', '3dba463f-699f-4316-b7b0-81570a4c3d91', 1) ON CONFLICT DO NOTHING;
INSERT INTO "kit_components" ("kit_id", "product_id", "quantity") VALUES ('f2594edb-9b80-43a3-9a0c-35514f0a4d84', '71a9b895-254d-42ce-a57b-f458ec9d9c02', 1) ON CONFLICT DO NOTHING;
INSERT INTO "kit_components" ("kit_id", "product_id", "quantity") VALUES ('96417ead-1249-427e-a78b-f162b10fd8f8', '3dba463f-699f-4316-b7b0-81570a4c3d91', 1) ON CONFLICT DO NOTHING;
INSERT INTO "kit_components" ("kit_id", "product_id", "quantity") VALUES ('96417ead-1249-427e-a78b-f162b10fd8f8', '71a9b895-254d-42ce-a57b-f458ec9d9c02', 1) ON CONFLICT DO NOTHING;
INSERT INTO "kit_components" ("kit_id", "product_id", "quantity") VALUES ('287cb3c9-a105-4afb-9668-c54804a0bf06', '3dba463f-699f-4316-b7b0-81570a4c3d91', 1) ON CONFLICT DO NOTHING;
INSERT INTO "kit_components" ("kit_id", "product_id", "quantity") VALUES ('287cb3c9-a105-4afb-9668-c54804a0bf06', '71a9b895-254d-42ce-a57b-f458ec9d9c02', 1) ON CONFLICT DO NOTHING;
INSERT INTO "kit_components" ("kit_id", "product_id", "quantity") VALUES ('a6f5a5b3-06a4-44a0-ada3-70d6d46f2e46', '3dba463f-699f-4316-b7b0-81570a4c3d91', 1) ON CONFLICT DO NOTHING;
INSERT INTO "kit_components" ("kit_id", "product_id", "quantity") VALUES ('a6f5a5b3-06a4-44a0-ada3-70d6d46f2e46', '71a9b895-254d-42ce-a57b-f458ec9d9c02', 1) ON CONFLICT DO NOTHING;
INSERT INTO "kit_components" ("kit_id", "product_id", "quantity") VALUES ('599e2ebb-d94c-44c7-b585-a12ccbc74b44', '3dba463f-699f-4316-b7b0-81570a4c3d91', 1) ON CONFLICT DO NOTHING;
INSERT INTO "kit_components" ("kit_id", "product_id", "quantity") VALUES ('599e2ebb-d94c-44c7-b585-a12ccbc74b44', '71a9b895-254d-42ce-a57b-f458ec9d9c02', 1) ON CONFLICT DO NOTHING;
INSERT INTO "kit_components" ("kit_id", "product_id", "quantity") VALUES ('70aa5cfa-ee7c-4b22-8b9c-80083fed4382', '3dba463f-699f-4316-b7b0-81570a4c3d91', 1) ON CONFLICT DO NOTHING;
INSERT INTO "kit_components" ("kit_id", "product_id", "quantity") VALUES ('70aa5cfa-ee7c-4b22-8b9c-80083fed4382', '71a9b895-254d-42ce-a57b-f458ec9d9c02', 1) ON CONFLICT DO NOTHING;
INSERT INTO "kit_components" ("kit_id", "product_id", "quantity") VALUES ('e28b6bda-dfa4-4ce3-b4d5-e5c7f1479a06', '3dba463f-699f-4316-b7b0-81570a4c3d91', 1) ON CONFLICT DO NOTHING;
INSERT INTO "kit_components" ("kit_id", "product_id", "quantity") VALUES ('e28b6bda-dfa4-4ce3-b4d5-e5c7f1479a06', '71a9b895-254d-42ce-a57b-f458ec9d9c02', 1) ON CONFLICT DO NOTHING;
INSERT INTO "kit_components" ("kit_id", "product_id", "quantity") VALUES ('03e387e6-7820-4d08-ba55-32896d61c360', '3dba463f-699f-4316-b7b0-81570a4c3d91', 1) ON CONFLICT DO NOTHING;
INSERT INTO "kit_components" ("kit_id", "product_id", "quantity") VALUES ('03e387e6-7820-4d08-ba55-32896d61c360', '71a9b895-254d-42ce-a57b-f458ec9d9c02', 1) ON CONFLICT DO NOTHING;
INSERT INTO "kit_components" ("kit_id", "product_id", "quantity") VALUES ('6fcaf674-0131-40f3-b1c1-10e2f8d0c6c9', '3dba463f-699f-4316-b7b0-81570a4c3d91', 1) ON CONFLICT DO NOTHING;
INSERT INTO "kit_components" ("kit_id", "product_id", "quantity") VALUES ('6fcaf674-0131-40f3-b1c1-10e2f8d0c6c9', '71a9b895-254d-42ce-a57b-f458ec9d9c02', 1) ON CONFLICT DO NOTHING;
INSERT INTO "kit_components" ("kit_id", "product_id", "quantity") VALUES ('273ffc09-753d-436c-a93e-51c9b3e37d4a', '3dba463f-699f-4316-b7b0-81570a4c3d91', 1) ON CONFLICT DO NOTHING;
INSERT INTO "kit_components" ("kit_id", "product_id", "quantity") VALUES ('273ffc09-753d-436c-a93e-51c9b3e37d4a', '71a9b895-254d-42ce-a57b-f458ec9d9c02', 1) ON CONFLICT DO NOTHING;
INSERT INTO "kit_components" ("kit_id", "product_id", "quantity") VALUES ('aef1fd4d-0c64-4b4d-bf00-f383b281dfe2', '3dba463f-699f-4316-b7b0-81570a4c3d91', 1) ON CONFLICT DO NOTHING;
INSERT INTO "kit_components" ("kit_id", "product_id", "quantity") VALUES ('aef1fd4d-0c64-4b4d-bf00-f383b281dfe2', '71a9b895-254d-42ce-a57b-f458ec9d9c02', 1) ON CONFLICT DO NOTHING;
ALTER TABLE "kit_components" ENABLE TRIGGER ALL;

-- Tabla: formato_unico_items (67 registros)
ALTER TABLE "formato_unico_items" DISABLE TRIGGER ALL;
INSERT INTO "formato_unico_items" ("id", "formato_unico_id", "product_id", "quantity", "price_at_time", "created_at", "updated_at") VALUES ('aacf875f-a9cd-4254-a5a6-96a027c1f31d', 'c8fbc136-f8b9-4721-8ad5-8331a291f1aa', '0721581e-ac05-40c0-86ef-4f7c251decd0', 2, '850.00', '2026-07-12T23:54:16.858081+00:00', NULL) ON CONFLICT DO NOTHING;
INSERT INTO "formato_unico_items" ("id", "formato_unico_id", "product_id", "quantity", "price_at_time", "created_at", "updated_at") VALUES ('12053478-c4f4-4070-a30a-bff9a701cbcb', 'c932e0ae-9644-48f3-a65c-6d0ba20cb719', '0721581e-ac05-40c0-86ef-4f7c251decd0', 1, '850.00', '2026-07-13T01:18:48.455064+00:00', NULL) ON CONFLICT DO NOTHING;
INSERT INTO "formato_unico_items" ("id", "formato_unico_id", "product_id", "quantity", "price_at_time", "created_at", "updated_at") VALUES ('0a0a2d61-f235-4a62-a5e8-05c85d3d9727', '16929f86-06e5-41a6-ae82-2690e2ea1598', '0721581e-ac05-40c0-86ef-4f7c251decd0', 1, '850.00', '2026-07-13T10:39:48.130886+00:00', NULL) ON CONFLICT DO NOTHING;
INSERT INTO "formato_unico_items" ("id", "formato_unico_id", "product_id", "quantity", "price_at_time", "created_at", "updated_at") VALUES ('3b213192-d655-4227-acf2-009b169b4ed6', '05361329-a88d-47fa-981f-aa8d9a2302a5', '0721581e-ac05-40c0-86ef-4f7c251decd0', 1, '850.00', '2026-07-13T10:46:21.865924+00:00', NULL) ON CONFLICT DO NOTHING;
INSERT INTO "formato_unico_items" ("id", "formato_unico_id", "product_id", "quantity", "price_at_time", "created_at", "updated_at") VALUES ('5547c324-0e55-46e0-b833-7287a378609c', '0e6f8b19-68b1-4563-851a-45a79cf18f1b', '0721581e-ac05-40c0-86ef-4f7c251decd0', 1, '850.00', '2026-07-13T10:47:57.819254+00:00', NULL) ON CONFLICT DO NOTHING;
INSERT INTO "formato_unico_items" ("id", "formato_unico_id", "product_id", "quantity", "price_at_time", "created_at", "updated_at") VALUES ('33157f4b-199d-466d-81af-36f01596347a', '4715ec45-4eaf-4fb3-8e27-aef6da42f027', '0721581e-ac05-40c0-86ef-4f7c251decd0', 1, '850.00', '2026-07-13T10:58:25.377080+00:00', NULL) ON CONFLICT DO NOTHING;
INSERT INTO "formato_unico_items" ("id", "formato_unico_id", "product_id", "quantity", "price_at_time", "created_at", "updated_at") VALUES ('f1baa8c9-3851-431a-a1ea-4909318311d8', '19bf70b2-a89a-44d1-825d-fd9c841fc198', '0721581e-ac05-40c0-86ef-4f7c251decd0', 1, '850.00', '2026-07-15T21:05:03.896074+00:00', NULL) ON CONFLICT DO NOTHING;
INSERT INTO "formato_unico_items" ("id", "formato_unico_id", "product_id", "quantity", "price_at_time", "created_at", "updated_at") VALUES ('f030e580-f791-49bb-b54a-7d49da024c8b', '415649e8-c3c8-4c6d-9184-294580b15e7f', '0721581e-ac05-40c0-86ef-4f7c251decd0', 1, '850.00', '2026-07-15T21:09:00.548047+00:00', NULL) ON CONFLICT DO NOTHING;
INSERT INTO "formato_unico_items" ("id", "formato_unico_id", "product_id", "quantity", "price_at_time", "created_at", "updated_at") VALUES ('3f85daba-ca52-4d61-8ca1-f34a20d7e5d8', '6cbc2cf8-a960-4354-b1ef-9e1af57982d9', '0721581e-ac05-40c0-86ef-4f7c251decd0', 2, '850.00', '2026-07-15T21:45:34.799627+00:00', NULL) ON CONFLICT DO NOTHING;
INSERT INTO "formato_unico_items" ("id", "formato_unico_id", "product_id", "quantity", "price_at_time", "created_at", "updated_at") VALUES ('245ef662-c94f-416f-9cc7-7f8ab06e5848', '6cbc2cf8-a960-4354-b1ef-9e1af57982d9', '3dba463f-699f-4316-b7b0-81570a4c3d91', 1, '25.00', '2026-07-15T21:45:34.799627+00:00', NULL) ON CONFLICT DO NOTHING;
INSERT INTO "formato_unico_items" ("id", "formato_unico_id", "product_id", "quantity", "price_at_time", "created_at", "updated_at") VALUES ('296c72e2-4ea5-4b95-93dd-cde933630d20', 'e052e0ad-f1cf-4a0d-961f-acbb1c4580ee', '0721581e-ac05-40c0-86ef-4f7c251decd0', 1, '850.00', '2026-07-15T23:19:48.044832+00:00', NULL) ON CONFLICT DO NOTHING;
INSERT INTO "formato_unico_items" ("id", "formato_unico_id", "product_id", "quantity", "price_at_time", "created_at", "updated_at") VALUES ('141cb46d-f49d-42de-ab10-483dbe028fff', '4e756b3c-a766-4d77-b0fa-a28ebe1c27b8', '996f67ff-466a-48d5-aa9e-e160b55e1ce3', 1, '250.00', '2026-07-16T00:47:08.464315+00:00', NULL) ON CONFLICT DO NOTHING;
INSERT INTO "formato_unico_items" ("id", "formato_unico_id", "product_id", "quantity", "price_at_time", "created_at", "updated_at") VALUES ('7773de7c-1a2d-4d4b-b855-3a6bf6a08224', '3dd0a353-9828-43e0-86f0-cead06c7e981', 'ba45019f-d9ab-4dac-8602-45ac13d8c037', 1, '45.00', '2026-07-16T00:55:36.986624+00:00', NULL) ON CONFLICT DO NOTHING;
INSERT INTO "formato_unico_items" ("id", "formato_unico_id", "product_id", "quantity", "price_at_time", "created_at", "updated_at") VALUES ('65a40748-21b4-4f94-af47-870e5c5c58a7', 'eac1b0f8-cbda-4162-a2b5-abe1822efc72', 'ba45019f-d9ab-4dac-8602-45ac13d8c037', 2, '45.00', '2026-07-16T01:13:27.736786+00:00', NULL) ON CONFLICT DO NOTHING;
INSERT INTO "formato_unico_items" ("id", "formato_unico_id", "product_id", "quantity", "price_at_time", "created_at", "updated_at") VALUES ('9a782b06-7bc4-4af6-aaf6-02ed134138d3', '8ce5777d-a8e7-414c-aa55-3d48ca8c15b5', '0721581e-ac05-40c0-86ef-4f7c251decd0', 2, '850.00', '2026-07-16T19:22:41.798093+00:00', NULL) ON CONFLICT DO NOTHING;
INSERT INTO "formato_unico_items" ("id", "formato_unico_id", "product_id", "quantity", "price_at_time", "created_at", "updated_at") VALUES ('a184a68a-de95-48f8-80cb-8807345671f6', '44765ef2-fe93-4e44-835f-5ab97910be74', '996f67ff-466a-48d5-aa9e-e160b55e1ce3', 1, '250.00', '2026-07-16T19:37:52.709615+00:00', NULL) ON CONFLICT DO NOTHING;
INSERT INTO "formato_unico_items" ("id", "formato_unico_id", "product_id", "quantity", "price_at_time", "created_at", "updated_at") VALUES ('a5e079ff-08a4-4627-83b3-076c1e9ccd41', 'a1ee12b5-e9f8-47a0-b24e-2b90dc423d2f', '71a9b895-254d-42ce-a57b-f458ec9d9c02', 5, '420.00', '2026-07-16T19:52:21.946988+00:00', NULL) ON CONFLICT DO NOTHING;
INSERT INTO "formato_unico_items" ("id", "formato_unico_id", "product_id", "quantity", "price_at_time", "created_at", "updated_at") VALUES ('14f1a196-053a-4538-a599-e21aad2ebd1e', '0d383142-5849-452f-973e-aff1f5963de2', '3dba463f-699f-4316-b7b0-81570a4c3d91', 1, '25.00', '2026-07-16T20:01:24.392961+00:00', NULL) ON CONFLICT DO NOTHING;
INSERT INTO "formato_unico_items" ("id", "formato_unico_id", "product_id", "quantity", "price_at_time", "created_at", "updated_at") VALUES ('235e18fc-c6a4-4a63-8688-68d2ce2d7236', '5f33cd91-bb80-4bf1-8b05-8720537e20f0', '996f67ff-466a-48d5-aa9e-e160b55e1ce3', 2, '250.00', '2026-07-16T20:08:28.902189+00:00', NULL) ON CONFLICT DO NOTHING;
INSERT INTO "formato_unico_items" ("id", "formato_unico_id", "product_id", "quantity", "price_at_time", "created_at", "updated_at") VALUES ('6450e59c-b1d7-47f3-b285-8ec3fa058184', '5f33cd91-bb80-4bf1-8b05-8720537e20f0', 'ba45019f-d9ab-4dac-8602-45ac13d8c037', 1, '45.00', '2026-07-16T20:08:28.902189+00:00', NULL) ON CONFLICT DO NOTHING;
INSERT INTO "formato_unico_items" ("id", "formato_unico_id", "product_id", "quantity", "price_at_time", "created_at", "updated_at") VALUES ('7d476474-0b6c-4ba5-99d9-712936b2c34d', 'e938aa4a-6ef1-4745-8c93-ba50c4da09ec', 'ba45019f-d9ab-4dac-8602-45ac13d8c037', 1, '45.00', '2026-07-18T00:38:53.101340+00:00', NULL) ON CONFLICT DO NOTHING;
INSERT INTO "formato_unico_items" ("id", "formato_unico_id", "product_id", "quantity", "price_at_time", "created_at", "updated_at") VALUES ('09ed2e70-03e8-4492-9acf-656af457dbb0', '9c99506d-d6ac-4de3-8371-c998390ea59d', 'ba45019f-d9ab-4dac-8602-45ac13d8c037', 2, '45.00', '2026-07-18T01:28:33.460977+00:00', NULL) ON CONFLICT DO NOTHING;
INSERT INTO "formato_unico_items" ("id", "formato_unico_id", "product_id", "quantity", "price_at_time", "created_at", "updated_at") VALUES ('a1a32ba3-4035-4868-bca6-43d858765a73', 'e24eb12d-7c1d-4a1d-8393-6035921579e2', '71a9b895-254d-42ce-a57b-f458ec9d9c02', 1, '420.00', '2026-07-18T02:14:19.362572+00:00', NULL) ON CONFLICT DO NOTHING;
INSERT INTO "formato_unico_items" ("id", "formato_unico_id", "product_id", "quantity", "price_at_time", "created_at", "updated_at") VALUES ('e4aa145d-7f4a-4c59-a1aa-5e6cd7c35aa5', '83c588a7-296d-4165-87cf-548ca10f3182', 'ba45019f-d9ab-4dac-8602-45ac13d8c037', 1, '45.00', '2026-07-18T02:20:38.282151+00:00', NULL) ON CONFLICT DO NOTHING;
INSERT INTO "formato_unico_items" ("id", "formato_unico_id", "product_id", "quantity", "price_at_time", "created_at", "updated_at") VALUES ('0f622acf-ddfb-4ef6-a0ab-0737ab85ba35', '55eb6bf3-1956-4fd8-a9da-ba3709088cac', '996f67ff-466a-48d5-aa9e-e160b55e1ce3', 2, '250.00', '2026-07-18T02:22:26.898265+00:00', NULL) ON CONFLICT DO NOTHING;
INSERT INTO "formato_unico_items" ("id", "formato_unico_id", "product_id", "quantity", "price_at_time", "created_at", "updated_at") VALUES ('be8c2d29-dc26-4283-8804-90952acbbed1', '55eb6bf3-1956-4fd8-a9da-ba3709088cac', 'ba45019f-d9ab-4dac-8602-45ac13d8c037', 1, '45.00', '2026-07-18T02:22:26.898265+00:00', NULL) ON CONFLICT DO NOTHING;
INSERT INTO "formato_unico_items" ("id", "formato_unico_id", "product_id", "quantity", "price_at_time", "created_at", "updated_at") VALUES ('a06439f8-dc21-4388-9dfb-cfb16f13250e', '55eb6bf3-1956-4fd8-a9da-ba3709088cac', '71a9b895-254d-42ce-a57b-f458ec9d9c02', 1, '420.00', '2026-07-18T02:22:26.898265+00:00', NULL) ON CONFLICT DO NOTHING;
INSERT INTO "formato_unico_items" ("id", "formato_unico_id", "product_id", "quantity", "price_at_time", "created_at", "updated_at") VALUES ('06140a40-fc09-4854-86bd-830d574ea9a1', '59401566-5c7a-4092-9464-05b3ecf248a6', '71a9b895-254d-42ce-a57b-f458ec9d9c02', 1, '420.00', '2026-07-18T02:29:47.717235+00:00', NULL) ON CONFLICT DO NOTHING;
INSERT INTO "formato_unico_items" ("id", "formato_unico_id", "product_id", "quantity", "price_at_time", "created_at", "updated_at") VALUES ('a4ba4df5-78d8-42de-ad06-a91aac3a3295', '66037d39-ad8c-4a55-9011-e8d11c4ebb01', '71a9b895-254d-42ce-a57b-f458ec9d9c02', 1, '420.00', '2026-07-18T02:33:55.738753+00:00', NULL) ON CONFLICT DO NOTHING;
INSERT INTO "formato_unico_items" ("id", "formato_unico_id", "product_id", "quantity", "price_at_time", "created_at", "updated_at") VALUES ('b0f719f1-1607-426e-9439-228ff11dc67d', 'adec98f2-de52-4606-b476-5d339bf6c794', '71a9b895-254d-42ce-a57b-f458ec9d9c02', 1, '420.00', '2026-07-18T02:36:06.156322+00:00', NULL) ON CONFLICT DO NOTHING;
INSERT INTO "formato_unico_items" ("id", "formato_unico_id", "product_id", "quantity", "price_at_time", "created_at", "updated_at") VALUES ('e45ffd0b-98aa-446c-a851-3a1731c2738e', '62ad2aea-0aee-4436-8390-14251d496ab1', '71a9b895-254d-42ce-a57b-f458ec9d9c02', 1, '420.00', '2026-07-18T02:40:00.822882+00:00', NULL) ON CONFLICT DO NOTHING;
INSERT INTO "formato_unico_items" ("id", "formato_unico_id", "product_id", "quantity", "price_at_time", "created_at", "updated_at") VALUES ('6a8ca497-aa2a-4dce-8df2-220e467998dd', 'd682c98f-bd93-47a8-af3e-31d35446194e', '996f67ff-466a-48d5-aa9e-e160b55e1ce3', 1, '250.00', '2026-07-18T02:44:59.072323+00:00', NULL) ON CONFLICT DO NOTHING;
INSERT INTO "formato_unico_items" ("id", "formato_unico_id", "product_id", "quantity", "price_at_time", "created_at", "updated_at") VALUES ('46387522-6533-4662-9ef8-d04d0fa5e4ab', '31563fbc-d0f3-46d3-8ba6-f5b37d42cb77', 'ba45019f-d9ab-4dac-8602-45ac13d8c037', 1, '45.00', '2026-07-18T03:05:19.119890+00:00', NULL) ON CONFLICT DO NOTHING;
INSERT INTO "formato_unico_items" ("id", "formato_unico_id", "product_id", "quantity", "price_at_time", "created_at", "updated_at") VALUES ('453b19cf-3995-4f69-9e7c-43f7825a3101', '23a4a61e-d638-41b6-b818-02eaddc7844e', '71a9b895-254d-42ce-a57b-f458ec9d9c02', 2, '420.00', '2026-07-18T03:11:14.658008+00:00', NULL) ON CONFLICT DO NOTHING;
INSERT INTO "formato_unico_items" ("id", "formato_unico_id", "product_id", "quantity", "price_at_time", "created_at", "updated_at") VALUES ('33c2dd53-3955-4176-bf4d-5c57a8fc0d78', '6f01d65f-81a5-4851-975d-8f814d9e4c80', '71a9b895-254d-42ce-a57b-f458ec9d9c02', 1, '420.00', '2026-07-18T03:16:10.792874+00:00', NULL) ON CONFLICT DO NOTHING;
INSERT INTO "formato_unico_items" ("id", "formato_unico_id", "product_id", "quantity", "price_at_time", "created_at", "updated_at") VALUES ('962ae661-89e7-4767-82dc-e3e01976ba59', 'c4739e52-fe39-481a-acd3-651e9903fc15', '3dba463f-699f-4316-b7b0-81570a4c3d91', 1, '25.00', '2026-07-18T23:30:12.184607+00:00', NULL) ON CONFLICT DO NOTHING;
INSERT INTO "formato_unico_items" ("id", "formato_unico_id", "product_id", "quantity", "price_at_time", "created_at", "updated_at") VALUES ('ff5204aa-89ab-477c-a509-ad94170a16ad', '902fde8e-0299-4328-b2ea-ef9f01ae2737', '3dba463f-699f-4316-b7b0-81570a4c3d91', 1, '25.00', '2026-07-18T23:31:04.178554+00:00', NULL) ON CONFLICT DO NOTHING;
INSERT INTO "formato_unico_items" ("id", "formato_unico_id", "product_id", "quantity", "price_at_time", "created_at", "updated_at") VALUES ('b39c72a1-b818-4910-b53b-eec4090a9c02', 'df4dad52-d359-446a-9511-cefbb43ce232', '3dba463f-699f-4316-b7b0-81570a4c3d91', 1, '25.00', '2026-07-18T23:31:06.987232+00:00', NULL) ON CONFLICT DO NOTHING;
INSERT INTO "formato_unico_items" ("id", "formato_unico_id", "product_id", "quantity", "price_at_time", "created_at", "updated_at") VALUES ('0577a7a6-5f3a-41ae-bf8f-9fe427036b8c', '7a6e9e66-703a-43cb-8f8a-ed67610d1324', '3dba463f-699f-4316-b7b0-81570a4c3d91', 1, '25.00', '2026-07-18T23:31:06.058006+00:00', NULL) ON CONFLICT DO NOTHING;
INSERT INTO "formato_unico_items" ("id", "formato_unico_id", "product_id", "quantity", "price_at_time", "created_at", "updated_at") VALUES ('96669930-ec07-4e9b-bf7a-d2a3b9a4b6b8', 'a3cbcd72-7c32-425b-905d-189570d463fd', '3dba463f-699f-4316-b7b0-81570a4c3d91', 1, '25.00', '2026-07-18T23:33:47.547072+00:00', NULL) ON CONFLICT DO NOTHING;
INSERT INTO "formato_unico_items" ("id", "formato_unico_id", "product_id", "quantity", "price_at_time", "created_at", "updated_at") VALUES ('8da3d78f-ef22-461f-b254-850ec2e8d871', '93712fee-c05b-4c53-866b-057c849b5ce9', '3dba463f-699f-4316-b7b0-81570a4c3d91', 1, '25.00', '2026-07-18T23:33:48.098201+00:00', NULL) ON CONFLICT DO NOTHING;
INSERT INTO "formato_unico_items" ("id", "formato_unico_id", "product_id", "quantity", "price_at_time", "created_at", "updated_at") VALUES ('21e5dacb-123c-4b57-a623-560a6c01bca4', 'a30893e0-e025-4f66-8fbd-7172da0a9379', '3dba463f-699f-4316-b7b0-81570a4c3d91', 1, '25.00', '2026-07-18T23:37:28.997109+00:00', NULL) ON CONFLICT DO NOTHING;
INSERT INTO "formato_unico_items" ("id", "formato_unico_id", "product_id", "quantity", "price_at_time", "created_at", "updated_at") VALUES ('eadf624c-548c-46d4-b147-8ce2e45454f0', '86d7e9b7-0a82-461f-8f4d-377e349f6998', '3dba463f-699f-4316-b7b0-81570a4c3d91', 1, '25.00', '2026-07-18T23:38:37.359216+00:00', NULL) ON CONFLICT DO NOTHING;
INSERT INTO "formato_unico_items" ("id", "formato_unico_id", "product_id", "quantity", "price_at_time", "created_at", "updated_at") VALUES ('b120c4d6-3dd1-4019-b938-6f0634ff73cb', '7ff965b5-474c-4519-9a1a-8f7a62fc5064', '3dba463f-699f-4316-b7b0-81570a4c3d91', 1, '25.00', '2026-07-18T23:38:52.838427+00:00', NULL) ON CONFLICT DO NOTHING;
INSERT INTO "formato_unico_items" ("id", "formato_unico_id", "product_id", "quantity", "price_at_time", "created_at", "updated_at") VALUES ('20da4feb-ca4a-4254-b07d-9a0a3f52d7e2', '92efe262-210e-471e-a8a5-d2cf07d168b5', '3dba463f-699f-4316-b7b0-81570a4c3d91', 1, '25.00', '2026-07-19T00:17:05.175253+00:00', NULL) ON CONFLICT DO NOTHING;
INSERT INTO "formato_unico_items" ("id", "formato_unico_id", "product_id", "quantity", "price_at_time", "created_at", "updated_at") VALUES ('81da175f-3d0d-4050-9eba-ef61a8d4eb61', '3a456a4f-d9f8-48eb-82fa-3d50105d3233', '3dba463f-699f-4316-b7b0-81570a4c3d91', 1, '25.00', '2026-07-19T00:17:35.675876+00:00', NULL) ON CONFLICT DO NOTHING;
INSERT INTO "formato_unico_items" ("id", "formato_unico_id", "product_id", "quantity", "price_at_time", "created_at", "updated_at") VALUES ('a1f61db4-8f34-4a36-b04f-d7ad6242554a', 'a0e366ea-7dc5-4b4c-a1d9-36e671e4a4a1', '3dba463f-699f-4316-b7b0-81570a4c3d91', 1, '25.00', '2026-07-19T00:21:36.142367+00:00', NULL) ON CONFLICT DO NOTHING;
INSERT INTO "formato_unico_items" ("id", "formato_unico_id", "product_id", "quantity", "price_at_time", "created_at", "updated_at") VALUES ('95f5c269-5f1e-42ba-bae3-96ec34eeee97', '261e7135-88d0-414a-84a3-ad3226d9303d', '3dba463f-699f-4316-b7b0-81570a4c3d91', 1, '25.00', '2026-07-19T00:21:50.833030+00:00', NULL) ON CONFLICT DO NOTHING;
INSERT INTO "formato_unico_items" ("id", "formato_unico_id", "product_id", "quantity", "price_at_time", "created_at", "updated_at") VALUES ('a23d28e4-862c-417d-a3db-f7a3f8644fa5', '42d4bfcb-effc-4a12-ac4f-58019a55f24d', '3dba463f-699f-4316-b7b0-81570a4c3d91', 1, '25.00', '2026-07-19T00:30:50.557930+00:00', NULL) ON CONFLICT DO NOTHING;
INSERT INTO "formato_unico_items" ("id", "formato_unico_id", "product_id", "quantity", "price_at_time", "created_at", "updated_at") VALUES ('bb51dd26-14a3-43ca-aeb1-00788d0e45ae', '87a4aaf9-2fae-4dbc-aa84-c36d2b114bea', '3dba463f-699f-4316-b7b0-81570a4c3d91', 1, '25.00', '2026-07-19T00:31:01.523740+00:00', NULL) ON CONFLICT DO NOTHING;
INSERT INTO "formato_unico_items" ("id", "formato_unico_id", "product_id", "quantity", "price_at_time", "created_at", "updated_at") VALUES ('531e8fe0-a534-4ff0-93c0-7de7ea56db6c', '1f46f7ac-34af-4dbb-b5a4-bfadcdb5f772', '3dba463f-699f-4316-b7b0-81570a4c3d91', 1, '25.00', '2026-07-19T00:52:48.397198+00:00', NULL) ON CONFLICT DO NOTHING;
INSERT INTO "formato_unico_items" ("id", "formato_unico_id", "product_id", "quantity", "price_at_time", "created_at", "updated_at") VALUES ('9aed4781-c6b7-4fd7-8372-9a1294343624', '058c720b-a87c-4483-95d5-e279b2028f94', '3dba463f-699f-4316-b7b0-81570a4c3d91', 1, '25.00', '2026-07-19T00:54:23.004546+00:00', NULL) ON CONFLICT DO NOTHING;
INSERT INTO "formato_unico_items" ("id", "formato_unico_id", "product_id", "quantity", "price_at_time", "created_at", "updated_at") VALUES ('94470f40-c784-4eff-a09d-6b615870b9f6', '9800db81-35a9-4ecc-9657-8f5555c1916b', '3dba463f-699f-4316-b7b0-81570a4c3d91', 2, '25.00', '2026-07-19T01:02:48.864250+00:00', NULL) ON CONFLICT DO NOTHING;
INSERT INTO "formato_unico_items" ("id", "formato_unico_id", "product_id", "quantity", "price_at_time", "created_at", "updated_at") VALUES ('4ba9fa32-7f79-4c8f-997a-492850925eae', '3d74b9f9-9e4e-4dec-91bd-f4bf32c943cd', '3dba463f-699f-4316-b7b0-81570a4c3d91', 1, '25.00', '2026-07-19T01:02:50.872391+00:00', NULL) ON CONFLICT DO NOTHING;
INSERT INTO "formato_unico_items" ("id", "formato_unico_id", "product_id", "quantity", "price_at_time", "created_at", "updated_at") VALUES ('7ebd9493-7755-42e3-b1cd-ddd67b80702c', '30d54794-9699-4138-9c57-5b0ffbf193f3', '3dba463f-699f-4316-b7b0-81570a4c3d91', 1, '25.00', '2026-07-19T00:55:03.864246+00:00', NULL) ON CONFLICT DO NOTHING;
INSERT INTO "formato_unico_items" ("id", "formato_unico_id", "product_id", "quantity", "price_at_time", "created_at", "updated_at") VALUES ('2eecacb9-a7e3-4190-bba5-04723eee36f3', '9cd84671-6a05-4717-b2c9-571b853a90a6', '3dba463f-699f-4316-b7b0-81570a4c3d91', 1, '25.00', '2026-07-19T03:59:06.532050+00:00', NULL) ON CONFLICT DO NOTHING;
INSERT INTO "formato_unico_items" ("id", "formato_unico_id", "product_id", "quantity", "price_at_time", "created_at", "updated_at") VALUES ('4367c5f8-cbc8-405e-a699-91b55f436844', 'f3805305-4ad4-41be-ad9b-59cd373d992f', '3dba463f-699f-4316-b7b0-81570a4c3d91', 2, '25.00', '2026-07-19T05:26:35.652861+00:00', NULL) ON CONFLICT DO NOTHING;
INSERT INTO "formato_unico_items" ("id", "formato_unico_id", "product_id", "quantity", "price_at_time", "created_at", "updated_at") VALUES ('5a70abbc-1c1f-47fa-9bbf-d36a803351c3', 'a52ddc92-7ae1-488e-87fa-6e38fffccabf', '3dba463f-699f-4316-b7b0-81570a4c3d91', 1, '25.00', '2026-07-19T05:26:37.589846+00:00', NULL) ON CONFLICT DO NOTHING;
INSERT INTO "formato_unico_items" ("id", "formato_unico_id", "product_id", "quantity", "price_at_time", "created_at", "updated_at") VALUES ('31987338-3658-4259-be3e-66892bf57b31', '2df5d895-52bc-4431-a64a-4c408a61a0cf', '3dba463f-699f-4316-b7b0-81570a4c3d91', 5, '25.00', '2026-07-20T11:34:05.767195+00:00', NULL) ON CONFLICT DO NOTHING;
INSERT INTO "formato_unico_items" ("id", "formato_unico_id", "product_id", "quantity", "price_at_time", "created_at", "updated_at") VALUES ('d33e476e-cf46-4285-b0c6-7f7bf165dfdc', '2df5d895-52bc-4431-a64a-4c408a61a0cf', '71a9b895-254d-42ce-a57b-f458ec9d9c02', 6, '420.00', '2026-07-20T11:34:05.767195+00:00', NULL) ON CONFLICT DO NOTHING;
INSERT INTO "formato_unico_items" ("id", "formato_unico_id", "product_id", "quantity", "price_at_time", "created_at", "updated_at") VALUES ('1273456f-1d89-441d-993d-e0dadfab506e', '2df5d895-52bc-4431-a64a-4c408a61a0cf', '996f67ff-466a-48d5-aa9e-e160b55e1ce3', 6, '250.00', '2026-07-20T11:34:05.767195+00:00', NULL) ON CONFLICT DO NOTHING;
INSERT INTO "formato_unico_items" ("id", "formato_unico_id", "product_id", "quantity", "price_at_time", "created_at", "updated_at") VALUES ('a5166115-32b6-4b42-8f95-855962ccb278', '2df5d895-52bc-4431-a64a-4c408a61a0cf', 'ba45019f-d9ab-4dac-8602-45ac13d8c037', 3, '45.00', '2026-07-20T11:34:05.767195+00:00', NULL) ON CONFLICT DO NOTHING;
INSERT INTO "formato_unico_items" ("id", "formato_unico_id", "product_id", "quantity", "price_at_time", "created_at", "updated_at") VALUES ('b13c74c8-6740-466a-8384-1a6b91a816cd', '2df5d895-52bc-4431-a64a-4c408a61a0cf', '0721581e-ac05-40c0-86ef-4f7c251decd0', 2, '850.00', '2026-07-20T11:34:05.767195+00:00', NULL) ON CONFLICT DO NOTHING;
INSERT INTO "formato_unico_items" ("id", "formato_unico_id", "product_id", "quantity", "price_at_time", "created_at", "updated_at") VALUES ('33b7fccd-1f12-4115-9ebf-3113b08a4fde', '2df5d895-52bc-4431-a64a-4c408a61a0cf', '4ec020cb-83ab-4f84-81bd-8e9ee89b6e10', 24, '150.50', '2026-07-20T11:34:05.767195+00:00', NULL) ON CONFLICT DO NOTHING;
INSERT INTO "formato_unico_items" ("id", "formato_unico_id", "product_id", "quantity", "price_at_time", "created_at", "updated_at") VALUES ('cc57d36b-eb39-4f0e-a67e-4ab4e6d6559e', '2df5d895-52bc-4431-a64a-4c408a61a0cf', '38659f87-075c-4a44-9558-4db91ebb3485', 5, '150.50', '2026-07-20T11:34:05.767195+00:00', NULL) ON CONFLICT DO NOTHING;
INSERT INTO "formato_unico_items" ("id", "formato_unico_id", "product_id", "quantity", "price_at_time", "created_at", "updated_at") VALUES ('09f41ed6-7c1a-42a0-b9e7-08d2bcbdf845', '2df5d895-52bc-4431-a64a-4c408a61a0cf', '1ec24ac8-9dd8-4f21-8330-2b7da910781c', 2, '150.50', '2026-07-20T11:34:05.767195+00:00', NULL) ON CONFLICT DO NOTHING;
INSERT INTO "formato_unico_items" ("id", "formato_unico_id", "product_id", "quantity", "price_at_time", "created_at", "updated_at") VALUES ('ff17ef56-ef69-45f1-b13a-25c243955f76', '2df5d895-52bc-4431-a64a-4c408a61a0cf', '94774ee2-d24c-4734-b8b6-56a0e362938c', 4, '150.50', '2026-07-20T11:34:05.767195+00:00', NULL) ON CONFLICT DO NOTHING;
ALTER TABLE "formato_unico_items" ENABLE TRIGGER ALL;

-- Tabla: system_configs (2 registros)
ALTER TABLE "system_configs" DISABLE TRIGGER ALL;
INSERT INTO "system_configs" ("key", "value", "updated_at", "updated_by") VALUES ('quote_validity_days', '15', '2026-07-17T16:45:37.941591', 'system') ON CONFLICT DO NOTHING;
INSERT INTO "system_configs" ("key", "value", "updated_at", "updated_by") VALUES ('default_stock_min_threshold', '5', '2026-07-17T16:45:38.039640', 'system') ON CONFLICT DO NOTHING;
ALTER TABLE "system_configs" ENABLE TRIGGER ALL;

-- Tabla: categories (1 registros)
ALTER TABLE "categories" DISABLE TRIGGER ALL;
INSERT INTO "categories" ("id", "name", "slug", "description", "icon", "created_at") VALUES ('c34e0d47-daa1-4ed4-9e31-5282f3518778', 'IPV6', 'ipv6', 'v', '', '2026-07-12T06:53:37.043386') ON CONFLICT DO NOTHING;
ALTER TABLE "categories" ENABLE TRIGGER ALL;

-- Tabla: favorites (0 registros)
ALTER TABLE "favorites" DISABLE TRIGGER ALL;
ALTER TABLE "favorites" ENABLE TRIGGER ALL;

-- Tabla: users (11 registros)
ALTER TABLE "users" DISABLE TRIGGER ALL;
INSERT INTO "users" ("id", "email", "google_id", "name", "created_at", "role", "auth_provider", "password_hash", "mfa_enabled", "mfa_secret") VALUES ('ab8b5122-405d-4f79-8be7-d1c49b7eb517', 'seller_new@test.com', NULL, 'Nuevo Seller', '2026-07-09T02:11:46.238322+00:00', 'CUSTOMER', 'LOCAL', NULL, False, NULL) ON CONFLICT DO NOTHING;
INSERT INTO "users" ("id", "email", "google_id", "name", "created_at", "role", "auth_provider", "password_hash", "mfa_enabled", "mfa_secret") VALUES ('e9e7505a-55f2-4d0a-9f75-ab1ef294c4ca', 'admin@alling.com', NULL, 'Admin', '2026-07-09T19:44:54.607333+00:00', 'ADMIN', 'LOCAL', 'pbkdf2_sha256$120000$b48171aa900aa3e2b81e0cb3f77c18b4$1B1r23aPQHRvfWs5lU7ndMFWt9UIzDJsiLg2KM3mW60=', True, NULL) ON CONFLICT DO NOTHING;
INSERT INTO "users" ("id", "email", "google_id", "name", "created_at", "role", "auth_provider", "password_hash", "mfa_enabled", "mfa_secret") VALUES ('6eeb5f81-b315-478f-b8ee-2d6748032080', 'maleyajandra@gmail.com', NULL, 'Mayra Alejandra Tineo Mayta', '2026-07-09T20:08:04.575545+00:00', 'SELLER', 'LOCAL', NULL, False, NULL) ON CONFLICT DO NOTHING;
INSERT INTO "users" ("id", "email", "google_id", "name", "created_at", "role", "auth_provider", "password_hash", "mfa_enabled", "mfa_secret") VALUES ('686abd3b-9c5b-4645-a914-84ed697606ef', 'seller@alling.pe', NULL, 'Seller', '2026-07-12T00:10:09.918323+00:00', 'SELLER', 'LOCAL', 'pbkdf2_sha256$120000$6e65ed2ac41bfc6d78fe7b10b4fdbdaf$eQ8xWk5FkzqnmwBci43RGxhgswehdZcErU579dXLCiE=', False, NULL) ON CONFLICT DO NOTHING;
INSERT INTO "users" ("id", "email", "google_id", "name", "created_at", "role", "auth_provider", "password_hash", "mfa_enabled", "mfa_secret") VALUES ('a79080ce-7775-46f3-85e6-0884f2d712c7', 'nicoMartinez@gmail.com', NULL, 'Nicolás', '2026-07-12T04:12:57.701429+00:00', 'SELLER', 'LOCAL', NULL, False, NULL) ON CONFLICT DO NOTHING;
INSERT INTO "users" ("id", "email", "google_id", "name", "created_at", "role", "auth_provider", "password_hash", "mfa_enabled", "mfa_secret") VALUES ('d3c15cd0-f823-4f5e-94a1-8cc87bf3024f', 'dev_eyJhbGci@alling.local', 'eyJhbGciOiJSUzI1NiIsImtpZCI6IjU4OTYyMjUzMjk3OTQzNDZiMDYzOWU2ZjlkN2JkOGJjZTI5NTRmZDIiLCJ0eXAiOiJKV1QifQ.eyJpc3MiOiJodHRwczovL2FjY291bnRzLmdvb2dsZS5jb20iLCJhenAiOiIzMDUxOTE5MjIwMS1oMjQwcnVra2kybGZqMTU1MjRnbzNnZnUydDRlZ2dxdi5hcHBzLmdvb2dsZXVzZXJjb250ZW50LmNvbSIsImF1ZCI6IjMwNTE5MTkyMjAxLWgyNDBydWtraTJsZmoxNTUyNGdvM2dmdTJ0NGVnZ3F2LmFwcHMuZ29vZ2xldXNlcmNvbnRlbnQuY29tIiwic3ViIjoiMTEwMDgzNzI4OTE4OTk2NjYyMjMyIiwiaGQiOiJ1bnNjaC5lZHUucGUiLCJlbWFpbCI6Im1heXJhLnRpbmVvLjI3QHVuc2NoLmVkdS5wZSIsImVtYWlsX3ZlcmlmaWVkIjp0cnVlLCJuYmYiOjE3ODQxNTE2NzgsIm5hbWUiOiJNQVlSQSBBTEVKQU5EUkEgVElORU8gTUFZVEEiLCJwaWN0dXJlIjoiaHR0cHM6Ly9saDMuZ29vZ2xldXNlcmNvbnRlbnQuY29tL2EvQUNnOG9jSlRwSDlkNGlFMm5NUktaSFRwMFpLQ3h3eUZ2b0k4a25rZlVObEhJNm0zZmotMEk3NjM9czk2LWMiLCJnaXZlbl9uYW1lIjoiTUFZUkEgQUxFSkFORFJBIiwiZmFtaWx5X25hbWUiOiJUSU5FTyBNQVlUQSIsImlhdCI6MTc4NDE1MTk3OCwiZXhwIjoxNzg0MTU1NTc4LCJqdGkiOiI3YmI0ODZmMTk1NTNmNWExODUyZGNhNjJjMGY4MmY4Mjg3NWYyZDkxIn0.pT2YZpzIJp9skdM-7o9KSeVzpir9i0_NQXlQQotmErZIkybcLFVpoOR3PYmr9dl1IZO93pRJxixcTDgpsqzLM7jwEGVXCrSGIvc_9Ava2RLLSWkF5W7g9bbQb_FVYIUleYBjVrNNIx3WiR7PjWX746sta3RSAFP1PLVnKWVUb6-Dr1uq-fb4cp55dQ5YC4NcjDdG-r77slWeJm1u8_gM29uOi9OmbqmET0B6hYaWKXAgeXNKV3eT1fDSjIsG5ADkH1JVU20OrbrpMPcJbI3IbLm07ySUjaXVPQkNVxffoyxMA6Isy_sBZaAZ9IHCC1iWKSxA8qIyOB30mmB1Ag6XaQ', 'Dev User', '2026-07-15T21:46:19.903141+00:00', 'CUSTOMER', 'GOOGLE', NULL, False, NULL) ON CONFLICT DO NOTHING;
INSERT INTO "users" ("id", "email", "google_id", "name", "created_at", "role", "auth_provider", "password_hash", "mfa_enabled", "mfa_secret") VALUES ('ac5ddeab-1056-440a-bea9-338325f60ae5', 'dev_eyjhbgci@alling.local', 'eyJhbGciOiJSUzI1NiIsImtpZCI6IjU4OTYyMjUzMjk3OTQzNDZiMDYzOWU2ZjlkN2JkOGJjZTI5NTRmZDIiLCJ0eXAiOiJKV1QifQ.eyJpc3MiOiJodHRwczovL2FjY291bnRzLmdvb2dsZS5jb20iLCJhenAiOiIzMDUxOTE5MjIwMS1oMjQwcnVra2kybGZqMTU1MjRnbzNnZnUydDRlZ2dxdi5hcHBzLmdvb2dsZXVzZXJjb250ZW50LmNvbSIsImF1ZCI6IjMwNTE5MTkyMjAxLWgyNDBydWtraTJsZmoxNTUyNGdvM2dmdTJ0NGVnZ3F2LmFwcHMuZ29vZ2xldXNlcmNvbnRlbnQuY29tIiwic3ViIjoiMTEwMDgzNzI4OTE4OTk2NjYyMjMyIiwiaGQiOiJ1bnNjaC5lZHUucGUiLCJlbWFpbCI6Im1heXJhLnRpbmVvLjI3QHVuc2NoLmVkdS5wZSIsImVtYWlsX3ZlcmlmaWVkIjp0cnVlLCJuYmYiOjE3ODQxNTM1MDQsIm5hbWUiOiJNQVlSQSBBTEVKQU5EUkEgVElORU8gTUFZVEEiLCJwaWN0dXJlIjoiaHR0cHM6Ly9saDMuZ29vZ2xldXNlcmNvbnRlbnQuY29tL2EvQUNnOG9jSlRwSDlkNGlFMm5NUktaSFRwMFpLQ3h3eUZ2b0k4a25rZlVObEhJNm0zZmotMEk3NjM9czk2LWMiLCJnaXZlbl9uYW1lIjoiTUFZUkEgQUxFSkFORFJBIiwiZmFtaWx5X25hbWUiOiJUSU5FTyBNQVlUQSIsImlhdCI6MTc4NDE1MzgwNCwiZXhwIjoxNzg0MTU3NDA0LCJqdGkiOiIxZDM2MmRkNzVhMzZlZDBjODljMWQ3ZGQ0ZjZmNzcxYzYwNmFkNzQ5In0.qV7cvzlSqU5rYfrwb4HKRsyzM6mBwZ8ix7EGB3KGdGr8cJkwr194d4FrqvQ8wyyuuLAOfwjioEz4oCiFXYo34NYFZsbZyllQW8GydjRUQLYA-9YXuVmv5MwZByNGdb_El4fEDrcDwH5-9Q37ShpGfpO1ftewK98gXdWVoDxTz7XFUAKGnTzl0Dsge8tR2_ko_FyR8rIdXRfZXsH8xEYG5LoCskqPaIqaLZwnQHDmw-28Oh501eYFWzGAoAwFKX1J8wMCDcj4w9payE6X6WAkgT227Kcr5nbhJK2CgSESktfkXv26VamAm8U59M2jYwaapm5r3GfxHF8r0LjWUly0Ug', 'Dev User', '2026-07-15T22:16:47.298932+00:00', 'CUSTOMER', 'GOOGLE', NULL, False, NULL) ON CONFLICT DO NOTHING;
INSERT INTO "users" ("id", "email", "google_id", "name", "created_at", "role", "auth_provider", "password_hash", "mfa_enabled", "mfa_secret") VALUES ('8da37c04-d796-40c7-9140-4e7787b1d1d6', 'mayra.tineo.27@unsch.edu.pe', '110083728918996662232', 'MAYRA ALEJANDRA TINEO MAYTA', '2026-07-07T20:19:35.923677+00:00', 'CUSTOMER', 'GOOGLE', NULL, False, NULL) ON CONFLICT DO NOTHING;
INSERT INTO "users" ("id", "email", "google_id", "name", "created_at", "role", "auth_provider", "password_hash", "mfa_enabled", "mfa_secret") VALUES ('e3c1e51a-5a44-498a-b733-6b00f8451183', 'maleyatima@gmail.com', '106507473431108029219', 'Mayra Tineo Mayta', '2026-07-16T00:11:53.194524+00:00', 'CUSTOMER', 'GOOGLE', NULL, False, NULL) ON CONFLICT DO NOTHING;
INSERT INTO "users" ("id", "email", "google_id", "name", "created_at", "role", "auth_provider", "password_hash", "mfa_enabled", "mfa_secret") VALUES ('fc03861f-642a-4881-b410-052d87116b85', 'sebasOsores@gmail.com', NULL, '', '2026-07-17T16:44:36.522083+00:00', 'ADMIN', 'LOCAL', NULL, False, NULL) ON CONFLICT DO NOTHING;
INSERT INTO "users" ("id", "email", "google_id", "name", "created_at", "role", "auth_provider", "password_hash", "mfa_enabled", "mfa_secret") VALUES ('5ae722b3-8a82-4406-a94f-d9303ef538d0', 'dev_user-123@alling.local', 'MOCK-GOOGLE-USER-123', 'Mock Google User', '2026-07-19T00:52:26.507526+00:00', 'CUSTOMER', 'GOOGLE', NULL, False, NULL) ON CONFLICT DO NOTHING;
ALTER TABLE "users" ENABLE TRIGGER ALL;

COMMIT;
